Siruta,Localitate_X,Judet,Localitate
1017,Municipiul Alba Iulia,ab,MUNICIPIUL ALBA IULIA
1071,Ciugud,ab,CIUGUD
1151,Oras Abrud,ab,ORAS ABRUD
1213,Municipiul Aiud,ab,MUNICIPIUL AIUD
1348,Municipiul Blaj,ab,MUNICIPIUL BLAJ
1455,Oras Campeni,ab,ORAS CAMPENI
1696,Oras Cugir,ab,ORAS CUGIR
1794,Oras Ocna Mures,ab,ORAS OCNA MURES
1874,Municipiul Sebes,ab,MUNICIPIUL SEBES
1936,Oras Zlatna,ab,ORAS ZLATNA
2130,Albac,ab,ALBAC
2309,Almasu Mare,ab,ALMASU MARE
2381,Arieseni,ab,ARIESENI
2577,Avram Iancu,ab,AVRAM IANCU
2915,Oras Baia De Aries,ab,ORAS BAIA DE ARIES
2988,Berghin,ab,BERGHIN
3039,Bistra,ab,BISTRA
3397,Blandiana,ab,BLANDIANA
3459,Bucium,ab,BUCIUM
3761,Cenade,ab,CENADE
3805,Cergau,ab,CERGAU
3841,Ceru-Bacainti,ab,CERU-BACAINTI
3958,Cetatea De Balta,ab,CETATEA DE BALTA
4008,Ciuruleasa,ab,CIURULEASA
4106,Calnic,ab,CALNIC
4142,Cricau,ab,CRICAU
4188,Craciunelu De Jos,ab,CRACIUNELU DE JOS
4240,Daia Romana,ab,DAIA ROMANA
4268,Dostat,ab,DOSTAT
4302,Farau,ab,FARAU
4366,Galda De Jos,ab,GALDA DE JOS
4482,Garbova,ab,GARBOVA
4525,Garda De Sus,ab,GARDA DE SUS
4703,Hoparta,ab,HOPARTA
4767,Horea,ab,HOREA
4927,Ighiu,ab,IGHIU
4981,Intregalde,ab,INTREGALDE
5103,Jidvei,ab,JIDVEI
5167,Livezile,ab,LIVEZILE
5210,Lopadea Noua,ab,LOPADEA NOUA
5309,Lunca Muresului,ab,LUNCA MURESULUI
5336,Lupsa,ab,LUPSA
5577,Metes,ab,METES
5700,Mihalt,ab,MIHALT
5755,Miraslau,ab,MIRASLAU
5826,Mogos,ab,MOGOS
6048,Noslac,ab,NOSLAC
6119,Ocolis,ab,OCOLIS
6164,Ohaba,ab,OHABA
6217,Pianu,ab,PIANU
6271,Poiana Vadului,ab,POIANA VADULUI
6397,Ponor,ab,PONOR
6468,Posaga,ab,POSAGA
6547,Radesti,ab,RADESTI
6592,Rametea,ab,RAMETEA
6627,Ramet,ab,RAMET
6761,Rosia Montana,ab,ROSIA MONTANA
6930,Rosia De Secas,ab,ROSIA DE SECAS
6976,Salciua,ab,SALCIUA
7044,Salistea,ab,SALISTEA
7099,Sasciori,ab,SASCIORI
7197,Scarisoara,ab,SCARISOARA
7348,Sancel,ab,SANCEL
7384,Santimbru,ab,SANTIMBRU
7446,Sohodol,ab,SOHODOL
7767,Stremt,ab,STREMT
7810,Sibot,ab,SIBOT
7865,Sona,ab,SONA
7945,Spring,ab,SPRING
8014,Sugag,ab,SUGAG
8096,Oras Teius,ab,ORAS TEIUS
8158,Unirea,ab,UNIREA
8229,Vadu Motilor,ab,VADU MOTILOR
8354,Valea Lunga,ab,VALEA LUNGA
8425,Vidra,ab,VIDRA
8826,Vintu De Jos,ab,VINTU DE JOS
9019,Cut,ab,CUT
9026,Bucerdea Granoasa,ab,BUCERDEA GRANOASA
9262,Municipiul Arad,ar,MUNICIPIUL ARAD
9280,Fantanele,ar,FANTANELE
9333,Livada,ar,LIVADA
9360,Sofronea,ar,SOFRONEA
9397,Vladimirescu,ar,VLADIMIRESCU
9459,Oras Chisineu-Cris,ar,ORAS CHISINEU-CRIS
9495,Oras Curtici,ar,ORAS CURTICI
9538,Oras Ineu,ar,ORAS INEU
9574,Oras Lipova,ar,ORAS LIPOVA
9627,Oras Nadlac,ar,ORAS NADLAC
9654,Oras Pancota,ar,ORAS PANCOTA
9690,Oras Sebis,ar,ORAS SEBIS
9743,Almas,ar,ALMAS
9798,Apateu,ar,APATEU
9832,Archis,ar,ARCHIS
9887,Bata,ar,BATA
9930,Beliu,ar,BELIU
10006,Birchis,ar,BIRCHIS
10051,Barsa,ar,BARSA
10104,Barzava,ar,BARZAVA
10195,Bocsig,ar,BOCSIG
10239,Brazii,ar,BRAZII
10293,Buteni,ar,BUTENI
10346,Carand,ar,CARAND
10373,Cermei,ar,CERMEI
10417,Chisindia,ar,CHISINDIA
10453,Conop,ar,CONOP
10514,Covasint,ar,COVASINT
10532,Craiva,ar,CRAIVA
10649,Dezna,ar,DEZNA
10701,Dieci,ar,DIECI
10765,Ususau,ar,USUSAU
10827,Felnac,ar,FELNAC
10872,Ghioroc,ar,GHIOROC
10916,Graniceri,ar,GRANICERI
10943,Gurahont,ar,GURAHONT
11058,Halmagiu,ar,HALMAGIU
11174,Halmagel,ar,HALMAGEL
11236,Hasmas,ar,HASMAS
11307,Ignesti,ar,IGNESTI
11352,Iratosu,ar,IRATOSU
11398,Macea,ar,MACEA
11423,Misca,ar,MISCA
11478,Moneasa,ar,MONEASA
11502,Olari,ar,OLARI
11539,Paulis,ar,PAULIS
11584,Oras Pecica,ar,ORAS PECICA
11637,Peregu Mare,ar,PEREGU MARE
11664,Petris,ar,PETRIS
11735,Pilu,ar,PILU
11762,Plescuta,ar,PLESCUTA
11842,Savarsin,ar,SAVARSIN
11940,Secusigiu,ar,SECUSIGIU
11995,Seleus,ar,SELEUS
12037,Semlac,ar,SEMLAC
12055,Sintea Mare,ar,SINTEA MARE
12091,Oras Santana,ar,ORAS SANTANA
12126,Socodor,ar,SOCODOR
12144,Sagu,ar,SAGU
12206,Seitin,ar,SEITIN
12224,Sepreus,ar,SEPREUS
12242,Sicula,ar,SICULA
12288,Silindia,ar,SILINDIA
12340,Simand,ar,SIMAND
12368,Siria,ar,SIRIA
12402,Sistarovat,ar,SISTAROVAT
12457,Taut,ar,TAUT
12509,Tarnova,ar,TARNOVA
12572,Varadia De Mures,ar,VARADIA DE MURES
12643,Vinga,ar,VINGA
12689,Varfurile,ar,VARFURILE
12778,Zabrani,ar,ZABRANI
12812,Zarand,ar,ZARAND
12849,Zerind,ar,ZERIND
12876,Zimandu Nou,ar,ZIMANDU NOU
12912,Dorobanti,ar,DOROBANTI
12920,Frumuseni,ar,FRUMUSENI
12938,Zadareni,ar,ZADARENI
13169,Municipiul Pitesti,ag,MUNICIPIUL PITESTI
13187,Bascov,ag,BASCOV
13276,Bradu,ag,BRADU
13301,Oras Mioveni,ag,ORAS MIOVENI
13365,Maracineni,ag,MARACINENI
13392,Oras Stefanesti,ag,ORAS STEFANESTI
13490,Municipiul Campulung,ag,MUNICIPIUL CAMPULUNG
13524,Valea Mare Pravat,ag,VALEA MARE PRAVAT
13622,Municipiul Curtea De Arges,ag,MUNICIPIUL CURTEA DE ARGES
13668,Oras Costesti,ag,ORAS COSTESTI
13757,Oras Topoloveni,ag,ORAS TOPOLOVENI
13819,Albestii De Arges,ag,ALBESTII DE ARGES
13891,Albestii De Muscel,ag,ALBESTII DE MUSCEL
13935,Albota,ag,ALBOTA
13999,Aninoasa,ag,ANINOASA
14049,Arefu,ag,AREFU
14085,Babana,ag,BABANA
14165,Baiculesti,ag,BAICULESTI
14272,Balilesti,ag,BALILESTI
14352,Beleti-Negresti,ag,BELETI-NEGRESTI
14405,Berevoesti,ag,BEREVOESTI
14450,Barla,ag,BARLA
14584,Bogati,ag,BOGATI
14673,Boteni,ag,BOTENI
14726,Botesti,ag,BOTESTI
14753,Bradulet,ag,BRADULET
14851,Budeasa,ag,BUDEASA
14922,Bughea De Jos,ag,BUGHEA DE JOS
14940,Buzoesti,ag,BUZOESTI
15064,Caldararu,ag,CALDARARU
15108,Calinesti,ag,CALINESTI
15233,Cateasca,ag,CATEASCA
15313,Cepari,ag,CEPARI
15402,Cetateni,ag,CETATENI
15448,Cicanesti,ag,CICANESTI
15493,Ciofrangeni,ag,CIOFRANGENI
15554,Ciomagesti,ag,CIOMAGESTI
15652,Cocu,ag,COCU
15741,Corbeni,ag,CORBENI
15830,Corbi,ag,CORBI
15901,Cosesti,ag,COSESTI
15983,Cotmeana,ag,COTMEANA
16132,Cuca,ag,CUCA
16285,Davidesti,ag,DAVIDESTI
16329,Dambovicioara,ag,DAMBOVICIOARA
16365,Darmanesti,ag,DARMANESTI
16427,Dobresti,ag,DOBRESTI
16454,Domnesti,ag,DOMNESTI
16472,Dragoslavele,ag,DRAGOSLAVELE
16506,Draganu,ag,DRAGANU
16551,Godeni,ag,GODENI
16613,Harsesti,ag,HARSESTI
16659,Hartiesti,ag,HARTIESTI
16739,Izvoru,ag,IZVORU
16757,Leordeni,ag,LEORDENI
16908,Leresti,ag,LERESTI
16944,Lunca Corbului,ag,LUNCA CORBULUI
17049,Malureni,ag,MALURENI
17101,Merisani,ag,MERISANI
17209,Micesti,ag,MICESTI
17254,Mihaesti,ag,MIHAESTI
17334,Mioarele,ag,MIOARELE
17398,Mirosi,ag,MIROSI
17423,Moraresti,ag,MORARESTI
17496,Mosoaia,ag,MOSOAIA
17575,Mozaceni,ag,MOZACENI
17619,Musatesti,ag,MUSATESTI
17726,Negrasi,ag,NEGRASI
17771,Nucsoara,ag,NUCSOARA
17824,Oarja,ag,OARJA
17851,Pietrosani,ag,PIETROSANI
17913,Poienarii De Arges,ag,POIENARII DE ARGES
17968,Poienarii De Muscel,ag,POIENARII DE MUSCEL
18028,Poiana Lacului,ag,POIANA LACULUI
18162,Popesti,ag,POPESTI
18242,Priboieni,ag,PRIBOIENI
18331,Ratesti,ag,RATESTI
18411,Recea,ag,RECEA
18475,Rociu,ag,ROCIU
18527,Rucar,ag,RUCAR
18554,Salatrucu,ag,SALATRUCU
18581,Sapata,ag,SAPATA
18670,Schitu Golesti,ag,SCHITU GOLESTI
18741,Slobozia,ag,SLOBOZIA
18778,Stalpeni,ag,STALPENI
18858,Stoenesti,ag,STOENESTI
18938,Stolnici,ag,STOLNICI
19007,Suseni,ag,SUSENI
19114,Stefan Cel Mare,ag,STEFAN CEL MARE
19141,Suici,ag,SUICI
19212,Teiu,ag,TEIU
19249,Tigveni,ag,TIGVENI
19338,Titesti,ag,TITESTI
19392,Uda,ag,UDA
19560,Ungheni,ag,UNGHENI
19631,Valea Danului,ag,VALEA DANULUI
19695,Valea Iasului,ag,VALEA IASULUI
19793,Vedea,ag,VEDEA
19999,Vladesti,ag,VLADESTI
20048,Raca,ag,RACA
20055,Vulturesti,ag,VULTURESTI
20063,Bughea De Sus,ag,BUGHEA DE SUS
20297,Municipiul Bacau,bc,MUNICIPIUL BACAU
20313,Hemeius,bc,HEMEIUS
20359,Letea Veche,bc,LETEA VECHE
20411,Magura,bc,MAGURA
20466,Margineni,bc,MARGINENI
20563,Municipiul Onesti,bc,MUNICIPIUL ONESTI
20607,Gura Vaii,bc,GURA VAII
20670,Stefan Cel Mare,bc,STEFAN CEL MARE
20778,Oras Buhusi,bc,ORAS BUHUSI
20821,Oras Comanesti,bc,ORAS COMANESTI
20876,Municipiul Moinesti,bc,MUNICIPIUL MOINESTI
20910,Oras Slanic-Moldova,bc,ORAS SLANIC-MOLDOVA
20965,Oras Targu Ocna,bc,ORAS TARGU OCNA
21007,Agas,bc,AGAS
21098,Ardeoani,bc,ARDEOANI
21123,Asau,bc,ASAU
21196,Balcani,bc,BALCANI
21249,Beresti-Bistrita,bc,BERESTI-BISTRITA
21338,Beresti-Tazlau,bc,BERESTI-TAZLAU
21418,Berzunti,bc,BERZUNTI
21454,Barsanesti,bc,BARSANESTI
21506,Blagesti,bc,BLAGESTI
21560,Bogdanesti,bc,BOGDANESTI
21597,Brusturoasa,bc,BRUSTUROASA
21668,Buhoci,bc,BUHOCI
21720,Casin,bc,CASIN
21757,Caiuti,bc,CAIUTI
21855,Cleja,bc,CLEJA
21891,Colonesti,bc,COLONESTI
21971,Corbasca,bc,CORBASCA
22059,Cotofanesti,bc,COTOFANESTI
22111,Damienesti,bc,DAMIENESTI
22166,Oras Darmanesti,bc,ORAS DARMANESTI
22237,Dealu Morii,bc,DEALU MORII
22380,Dofteana,bc,DOFTEANA
22460,Faraoani,bc,FARAOANI
22488,Filipeni,bc,FILIPENI
22576,Filipesti,bc,FILIPESTI
22665,Gaiceana,bc,GAICEANA
22718,Ghimes-Faget,bc,GHIMES-FAGET
22781,Garleni,bc,GARLENI
22834,Glavanesti,bc,GLAVANESTI
22898,Helegiu,bc,HELEGIU
22941,Horgesti,bc,HORGESTI
23047,Huruiesti,bc,HURUIESTI
23127,Izvoru Berheciului,bc,IZVORU BERHECIULUI
23207,Lipova,bc,LIPOVA
23289,Livezi,bc,LIVEZI
23350,Luizi-Calugara,bc,LUIZI-CALUGARA
23387,Magiresti,bc,MAGIRESTI
23449,Manastirea Casin,bc,MANASTIREA CASIN
23494,Motoseni,bc,MOTOSENI
23644,Negri,bc,NEGRI
23715,Nicolae Balcescu,bc,NICOLAE BALCESCU
23797,Oituz,bc,OITUZ
23868,Oncesti,bc,ONCESTI
23948,Orbeni,bc,ORBENI
23975,Palanca,bc,PALANCA
24034,Parava,bc,PARAVA
24089,Parincea,bc,PARINCEA
24187,Pancesti,bc,PANCESTI
24276,Pargaresti,bc,PARGARESTI
24338,Parjol,bc,PARJOL
24427,Plopana,bc,PLOPANA
24524,Podu Turcului,bc,PODU TURCULUI
24631,Poduri,bc,PODURI
24711,Racova,bc,RACOVA
24766,Racaciuni,bc,RACACIUNI
24837,Rachitoasa,bc,RACHITOASA
24999,Rosiori,bc,ROSIORI
25068,Sascut,bc,SASCUT
25148,Sanduleni,bc,SANDULENI
25228,Saucesti,bc,SAUCESTI
25291,Scorteni,bc,SCORTENI
25362,Secuieni,bc,SECUIENI
25488,Solont,bc,SOLONT
25521,Stanisesti,bc,STANISESTI
25629,Strugari,bc,STRUGARI
25692,Tamasi,bc,TAMASI
25745,Tatarasti,bc,TATARASTI
25825,Targu Trotus,bc,TARGU TROTUS
25861,Traian,bc,TRAIAN
25932,Ungureni,bc,UNGURENI
26029,Urechesti,bc,URECHESTI
26083,Valea Seaca,bc,VALEA SEACA
26118,Vultureni,bc,VULTURENI
26289,Zemes,bc,ZEMES
26320,Sarata,bc,SARATA
26338,Buciumi,bc,BUCIUMI
26346,Gioseni,bc,GIOSENI
26353,Odobesti,bc,ODOBESTI
26361,Prajesti,bc,PRAJESTI
26379,Itesti,bc,ITESTI
26564,Municipiul Oradea,bh,MUNICIPIUL ORADEA
26582,Sanmartin,bh,SANMARTIN
26653,Santandrei,bh,SANTANDREI
26699,Oras Alesd,bh,ORAS ALESD
26742,Astileu,bh,ASTILEU
26804,Municipiul Beius,bh,MUNICIPIUL BEIUS
26840,Oras Stei,bh,ORAS STEI
26877,Municipiul Marghita,bh,MUNICIPIUL MARGHITA
26920,Oras Nucet,bh,ORAS NUCET
26975,Municipiul Salonta,bh,MUNICIPIUL SALONTA
27007,Oras Vascau,bh,ORAS VASCAU
27070,Abram,bh,ABRAM
27169,Abramut,bh,ABRAMUT
27212,Auseu,bh,AUSEU
27285,Avram Iancu,bh,AVRAM IANCU
27329,Balc,bh,BALC
27383,Batar,bh,BATAR
27436,Biharia,bh,BIHARIA
27506,Boianu Mare,bh,BOIANU MARE
27560,Borod,bh,BOROD
27631,Bors,bh,BORS
27686,Bratca,bh,BRATCA
27757,Brusturi,bh,BRUSTURI
27846,Budureasa,bh,BUDUREASA
27908,Buduslau,bh,BUDUSLAU
27935,Bulz,bh,BULZ
27971,Buntesti,bh,BUNTESTI
28077,Cabesti,bh,CABESTI
28139,Capalna,bh,CAPALNA
28193,Carpinet,bh,CARPINET
28246,Cefa,bh,CEFA
28335,Ceica,bh,CEICA
28415,Cetariu,bh,CETARIU
28497,Cherechiu,bh,CHERECHIU
28530,Chislaz,bh,CHISLAZ
28610,Ciuhoi,bh,CIUHOI
28665,Ciumeghiu,bh,CIUMEGHIU
28709,Campani,bh,CAMPANI
28763,Cociuba Mare,bh,COCIUBA MARE
28816,Copacel,bh,COPACEL
28889,Cristioru De Jos,bh,CRISTIORU DE JOS
28941,Curatele,bh,CURATELE
29001,Curtuiseni,bh,CURTUISENI
29038,Derna,bh,DERNA
29092,Diosig,bh,DIOSIG
29154,Dobresti,bh,DOBRESTI
29243,Draganesti,bh,DRAGANESTI
29341,Dragesti,bh,DRAGESTI
29403,Finis,bh,FINIS
29467,Girisu De Cris,bh,GIRISU DE CRIS
29519,Hidiselu De Sus,bh,HIDISELU DE SUS
29573,Holod,bh,HOLOD
29662,Husasau De Tinca,bh,HUSASAU DE TINCA
29724,Ineu,bh,INEU
29760,Lazuri De Beius,bh,LAZURI DE BEIUS
29813,Lazareni,bh,LAZARENI
29902,Lugasu De Jos,bh,LUGASU DE JOS
29948,Lunca,bh,LUNCA
30014,Madaras,bh,MADARAS
30069,Magesti,bh,MAGESTI
30149,Nojorid,bh,NOJORID
30229,Olcea,bh,OLCEA
30274,Osorhei,bh,OSORHEI
30336,Pietroasa,bh,PIETROASA
30416,Pocola,bh,POCOLA
30470,Pomezeu,bh,POMEZEU
30568,Popesti,bh,POPESTI
30648,Rabagani,bh,RABAGANI
30719,Remetea,bh,REMETEA
30773,Rieni,bh,RIENI
30844,Rosia,bh,ROSIA
30871,Sacadat,bh,SACADAT
30915,Oras Sacueni,bh,ORAS SACUENI
30988,Salacea,bh,SALACEA
31011,Salard,bh,SALARD
31057,Sambata,bh,SAMBATA
31128,Sarbi,bh,SARBI
31208,Spinus,bh,SPINUS
31262,Suplacu De Barcau,bh,SUPLACU DE BARCAU
31333,Simian,bh,SIMIAN
31379,Sinteu,bh,SINTEU
31422,Soimi,bh,SOIMI
31510,Suncuius,bh,SUNCUIUS
31565,Tarcea,bh,TARCEA
31609,Tarcaia,bh,TARCAIA
31654,Tauteu,bh,TAUTEU
31716,Tileagd,bh,TILEAGD
31789,Tinca,bh,TINCA
31841,Tulca,bh,TULCA
31878,Tetchea,bh,TETCHEA
31921,Uileacu De Beius,bh,UILEACU DE BEIUS
31976,Vadu Crisului,bh,VADU CRISULUI
32027,Oras Valea Lui Mihai,bh,ORAS VALEA LUI MIHAI
32045,Viisoara,bh,VIISOARA
32090,Varciorog,bh,VARCIOROG
32153,Tamaseu,bh,TAMASEU
32161,Paleu,bh,PALEU
32179,Sannicolau Roman,bh,SANNICOLAU ROMAN
32187,Rosiori,bh,ROSIORI
32195,Gepiu,bh,GEPIU
32201,Toboliu,bh,TOBOLIU
32394,Municipiul Bistrita,bn,MUNICIPIUL BISTRITA
32483,Oras Beclean,bn,ORAS BECLEAN
32544,Oras Nasaud,bn,ORAS NASAUD
32599,Oras Sangeorz-Bai,bn,ORAS SANGEORZ-BAI
32633,Bistrita Bargaului,bn,BISTRITA BARGAULUI
32660,Branistea,bn,BRANISTEA
32704,Budacu De Jos,bn,BUDACU DE JOS
32768,Budesti,bn,BUDESTI
32811,Caianu Mic,bn,CAIANU MIC
32884,Cetate,bn,CETATE
32955,Ciceu-Giurgesti,bn,CICEU-GIURGESTI
33015,Chiochis,bn,CHIOCHIS
33122,Chiuza,bn,CHIUZA
33177,Cosbuc,bn,COSBUC
33202,Dumitra,bn,DUMITRA
33248,Feldru,bn,FELDRU
33275,Galatii Bistritei,bn,GALATII BISTRITEI
33337,Ilva Mare,bn,ILVA MARE
33364,Ilva Mica,bn,ILVA MICA
33382,Josenii Bargaului,bn,JOSENII BARGAULUI
33435,Lechinta,bn,LECHINTA
33514,Lesu,bn,LESU
33541,Livezile,bn,LIVEZILE
33603,Lunca Ilvei,bn,LUNCA ILVEI
33621,Maieru,bn,MAIERU
33658,Matei,bn,MATEI
33729,Magura Ilvei,bn,MAGURA ILVEI
33765,Mariselu,bn,MARISELU
33845,Micestii De Campie,bn,MICESTII DE CAMPIE
33881,Milas,bn,MILAS
33952,Monor,bn,MONOR
33989,Nimigea,bn,NIMIGEA
34075,Nuseni,bn,NUSENI
34155,Parva,bn,PARVA
34173,Petru Rares,bn,PETRU RARES
34235,Prundu Bargaului,bn,PRUNDU BARGAULUI
34262,Rebra,bn,REBRA
34280,Rebrisoara,bn,REBRISOARA
34333,Rodna,bn,RODNA
34360,Romuli,bn,ROMULI
34397,Salva,bn,SALVA
34422,Silivasu De Campie,bn,SILIVASU DE CAMPIE
34477,Sanmihaiu De Campie,bn,SANMIHAIU DE CAMPIE
34547,Spermezeu,bn,SPERMEZEU
34618,Sant,bn,SANT
34645,Sieu,bn,SIEU
34690,Sieu-Magherus,bn,SIEU-MAGHERUS
34770,Sieu-Odorhei,bn,SIEU-ODORHEI
34850,Sieut,bn,SIEUT
34903,Sintereag,bn,SINTEREAG
34985,Teaca,bn,TEACA
35054,Telciu,bn,TELCIU
35090,Tiha Bargaului,bn,TIHA BARGAULUI
35152,Tarlisua,bn,TARLISUA
35269,Uriu,bn,URIU
35312,Urmenis,bn,URMENIS
35429,Zagra,bn,ZAGRA
35731,Municipiul Botosani,bt,MUNICIPIUL BOTOSANI
35759,Curtesti,bt,CURTESTI
35839,Rachiti,bt,RACHITI
35884,Stauceni,bt,STAUCENI
35946,Oras Darabani,bt,ORAS DARABANI
36006,Municipiul Dorohoi,bt,MUNICIPIUL DOROHOI
36060,Oras Saveni,bt,ORAS SAVENI
36131,Albesti,bt,ALBESTI
36202,Avrameni,bt,AVRAMENI
36300,Baluseni,bt,BALUSENI
36373,Braesti,bt,BRAESTI
36426,Broscauti,bt,BROSCAUTI
36453,Oras Bucecea,bt,ORAS BUCECEA
36499,Calarasi,bt,CALARASI
36532,Concesti,bt,CONCESTI
36569,Copalau,bt,COPALAU
36649,Cordareni,bt,CORDARENI
36676,Corlateni,bt,CORLATENI
36756,Corni,bt,CORNI
36809,Cotusca,bt,COTUSCA
36907,Cristesti,bt,CRISTESTI
36952,Cristinesti,bt,CRISTINESTI
37011,Dersca,bt,DERSCA
37057,Dangeni,bt,DANGENI
37100,Dobarceni,bt,DOBARCENI
37173,Draguseni,bt,DRAGUSENI
37217,Durnesti,bt,DURNESTI
37280,Oras Flamanzi,bt,ORAS FLAMANZI
37324,Frumusica,bt,FRUMUSICA
37397,George Enescu,bt,GEORGE ENESCU
37459,Gorbanesti,bt,GORBANESTI
37547,Havarna,bt,HAVARNA
37618,Hanesti,bt,HANESTI
37672,Hiliseu-Horia,bt,HILISEU-HORIA
37734,Hlipiceni,bt,HLIPICENI
37770,Hudesti,bt,HUDESTI
37823,Ibanesti,bt,IBANESTI
37850,Leorda,bt,LEORDA
37912,Lunca,bt,LUNCA
37958,Manoleasa,bt,MANOLEASA
38063,Mihai Eminescu,bt,MIHAI EMINESCU
38161,Mihaileni,bt,MIHAILENI
38241,Mihalaseni,bt,MIHALASENI
38321,Mileanca,bt,MILEANCA
38376,Mitoc,bt,MITOC
38456,Nicseni,bt,NICSENI
38492,Paltinis,bt,PALTINIS
38544,Pomarla,bt,POMARLA
38580,Prajeni,bt,PRAJENI
38633,Radauti-Prut,bt,RADAUTI-PRUT
38679,Rauseni,bt,RAUSENI
38731,Ripiceni,bt,RIPICENI
38811,Roma,bt,ROMA
38848,Romanesti,bt,ROMANESTI
38893,Santa Mare,bt,SANTA MARE
38982,Suharau,bt,SUHARAU
39051,Sulita,bt,SULITA
39122,Sendriceni,bt,SENDRICENI
39168,Oras Stefanesti,bt,ORAS STEFANESTI
39220,Stiubieni,bt,STIUBIENI
39266,Todireni,bt,TODIRENI
39328,Trusesti,bt,TRUSESTI
39391,Tudora,bt,TUDORA
39417,Ungureni,bt,UNGURENI
39532,Unteni,bt,UNTENI
39612,Vaculesti,bt,VACULESTI
39658,Viisoara,bt,VIISOARA
39694,Varfu Campului,bt,VARFU CAMPULUI
39738,Vladeni,bt,VLADENI
39792,Vlasinesti,bt,VLASINESTI
39836,Vorniceni,bt,VORNICENI
39872,Vorona,bt,VORONA
39942,Lozna,bt,LOZNA
39959,Dimacheni,bt,DIMACHENI
39967,Candesti,bt,CANDESTI
39975,Cosula,bt,COSULA
39983,Blandesti,bt,BLANDESTI
40035,Adaseni,bt,ADASENI
40198,Municipiul Brasov,bv,MUNICIPIUL BRASOV
40214,Oras Ghimbav,bv,ORAS GHIMBAV
40241,Municipiul Codlea,bv,MUNICIPIUL CODLEA
40278,Municipiul Fagaras,bv,MUNICIPIUL FAGARAS
40303,Oras Predeal,bv,ORAS PREDEAL
40367,Oras Rasnov,bv,ORAS RASNOV
40394,Oras Rupea,bv,ORAS RUPEA
40438,Municipiul Sacele,bv,MUNICIPIUL SACELE
40465,Oras Victoria,bv,ORAS VICTORIA
40492,Oras Zarnesti,bv,ORAS ZARNESTI
40526,Apata,bv,APATA
40544,Beclean,bv,BECLEAN
40606,Bod,bv,BOD
40633,Bran,bv,BRAN
40688,Budila,bv,BUDILA
40704,Bunesti,bv,BUNESTI
40768,Cata,bv,CATA
40820,Cincu,bv,CINCU
40857,Comana,bv,COMANA
40900,Cristian,bv,CRISTIAN
40928,Dumbravita,bv,DUMBRAVITA
40955,Feldioara,bv,FELDIOARA
40991,Fundata,bv,FUNDATA
41033,Halchiu,bv,HALCHIU
41088,Harman,bv,HARMAN
41113,Harseni,bv,HARSENI
41177,Hoghiz,bv,HOGHIZ
41248,Homorod,bv,HOMOROD
41284,Jibert,bv,JIBERT
41346,Lisa,bv,LISA
41382,Maierus,bv,MAIERUS
41417,Mandra,bv,MANDRA
41471,Moieciu,bv,MOIECIU
41541,Ormenis,bv,ORMENIS
41578,Parau,bv,PARAU
41621,Poiana Marului,bv,POIANA MARULUI
41667,Prejmer,bv,PREJMER
41701,Racos,bv,RACOS
41738,Recea,bv,RECEA
41818,Sercaia,bv,SERCAIA
41854,Sinca,bv,SINCA
41925,Sanpetru,bv,SANPETRU
41943,Soars,bv,SOARS
42003,Tarlungeni,bv,TARLUNGENI
42058,Teliu,bv,TELIU
42076,Ticusu,bv,TICUSU
42101,Ucea,bv,UCEA
42156,Ungra,bv,UNGRA
42183,Vama Buzaului,bv,VAMA BUZAULUI
42236,Vistea,bv,VISTEA
42307,Voila,bv,VOILA
42398,Vulcan,bv,VULCAN
42449,Sinca Noua,bv,SINCA NOUA
42456,Crizbav,bv,CRIZBAV
42464,Sambata De Sus,bv,SAMBATA DE SUS
42472,Holbav,bv,HOLBAV
42480,Dragus,bv,DRAGUS
42498,Augustin,bv,AUGUSTIN
42682,Municipiul Braila,br,MUNICIPIUL BRAILA
42708,Chiscani,br,CHISCANI
42753,Oras Faurei,br,ORAS FAUREI
42771,Surdila-Greci,br,SURDILA-GRECI
42824,Baraganul,br,BARAGANUL
42842,Bertestii De Jos,br,BERTESTII DE JOS
42913,Bordei Verde,br,BORDEI VERDE
42968,Ciocile,br,CIOCILE
43019,Ciresu,br,CIRESU
43073,Dudesti,br,DUDESTI
43117,Frecatei,br,FRECATEI
43180,Galbenu,br,GALBENU
43242,Gemenele,br,GEMENELE
43279,Gradistea,br,GRADISTEA
43313,Gropeni,br,GROPENI
43331,Oras Ianca,br,ORAS IANCA
43411,Oras Insuratei,br,ORAS INSURATEI
43466,Jirlau,br,JIRLAU
43493,Marasu,br,MARASU
43563,Maxineni,br,MAXINENI
43625,Mircea Voda,br,MIRCEA VODA
43652,Movila Miresii,br,MOVILA MIRESII
43698,Racovita,br,RACOVITA
43732,Ramnicelu,br,RAMNICELU
43787,Romanu,br,ROMANU
43812,Rosiori,br,ROSIORI
43867,Salcia Tudor,br,SALCIA TUDOR
43929,Scortaru Nou,br,SCORTARU NOU
43992,Silistea,br,SILISTEA
44060,Stancuta,br,STANCUTA
44113,Surdila-Gaiseanca,br,SURDILA-GAISEANCA
44140,Sutesti,br,SUTESTI
44177,Tichilesti,br,TICHILESTI
44202,Traian,br,TRAIAN
44257,Tudor Vladimirescu,br,TUDOR VLADIMIRESCU
44300,Tufesti,br,TUFESTI
44328,Ulmu,br,ULMU
44355,Unirea,br,UNIREA
44391,Vadeni,br,VADENI
44435,Victoria,br,VICTORIA
44462,Visani,br,VISANI
44505,Viziru,br,VIZIRU
44532,Zavoaia,br,ZAVOAIA
44560,Cazasu,br,CAZASU
44818,Municipiul Buzau,bz,MUNICIPIUL BUZAU
44845,Municipiul Ramnicu Sarat,bz,MUNICIPIUL RAMNICU SARAT
44863,Amaru,bz,AMARU
44934,Balta Alba,bz,BALTA ALBA
44989,Balaceanu,bz,BALACEANU
45003,Beceni,bz,BECENI
45101,Berca,bz,BERCA
45245,Bisoca,bz,BISOCA
45334,Blajani,bz,BLAJANI
45361,Boldu,bz,BOLDU
45389,Bozioru,bz,BOZIORU
45496,Bradeanu,bz,BRADEANU
45539,Braesti,bz,BRAESTI
45619,Breaza,bz,BREAZA
45673,Buda,bz,BUDA
45753,Calvini,bz,CALVINI
45815,C.a. Rosetti,bz,C.A. ROSETTI
45888,Canesti,bz,CANESTI
45959,Catina,bz,CATINA
46019,Cernatesti,bz,CERNATESTI
46108,Chiliile,bz,CHILIILE
46180,Chiojdu,bz,CHIOJDU
46251,Cilibia,bz,CILIBIA
46313,Cislau,bz,CISLAU
46377,Cochirleanca,bz,COCHIRLEANCA
46439,Colti,bz,COLTI
46484,Costesti,bz,COSTESTI
46554,Cozieni,bz,COZIENI
46769,Galbinasi,bz,GALBINASI
46803,Gheraseni,bz,GHERASENI
46830,Ghergheasa,bz,GHERGHEASA
46867,Glodeanu Sarat,bz,GLODEANU SARAT
46910,Glodeanu-Silistea,bz,GLODEANU-SILISTEA
47006,Grebanu,bz,GREBANU
47079,Gura Teghii,bz,GURA TEGHII
47159,Largu,bz,LARGU
47186,Lopatari,bz,LOPATARI
47300,Luciu,bz,LUCIU
47337,Magura,bz,MAGURA
47373,Maracineni,bz,MARACINENI
47417,Margaritesti,bz,MARGARITESTI
47453,Merei,bz,MEREI
47578,Mihailesti,bz,MIHAILESTI
47630,Manzalesti,bz,MANZALESTI
47774,Movila Banului,bz,MOVILA BANULUI
47818,Murgesti,bz,MURGESTI
47854,Naeni,bz,NAENI
47916,Oras Nehoiu,bz,ORAS NEHOIU
48021,Odaile,bz,ODAILE
48138,Padina,bz,PADINA
48165,Pardosi,bz,PARDOSI
48227,Panatau,bz,PANATAU
48325,Oras Patarlagele,bz,ORAS PATARLAGELE
48487,Pietroasele,bz,PIETROASELE
48557,Parscov,bz,PARSCOV
48682,Podgoria,bz,PODGORIA
48744,Oras Pogoanele,bz,ORAS POGOANELE
48771,Posta Calnau,bz,POSTA CALNAU
48842,Puiesti,bz,PUIESTI
48922,Racoviteni,bz,RACOVITENI
48968,Ramnicelu,bz,RAMNICELU
49019,Robeasca,bz,ROBEASCA
49046,Rusetu,bz,RUSETU
49073,Sageata,bz,SAGEATA
49153,Sahateni,bz,SAHATENI
49206,Sapoca,bz,SAPOCA
49233,Sarulesti,bz,SARULESTI
49313,Scortoasa,bz,SCORTOASA
49439,Scutelnici,bz,SCUTELNICI
49484,Siriu,bz,SIRIU
49545,Smeeni,bz,SMEENI
49625,Stalpu,bz,STALPU
49643,Tisau,bz,TISAU
49769,Topliceni,bz,TOPLICENI
49849,Tintesti,bz,TINTESTI
49894,Ulmeni,bz,ULMENI
49956,Vadu Pasii,bz,VADU PASII
50022,Valea Ramnicului,bz,VALEA RAMNICULUI
50068,Valea Salciei,bz,VALEA SALCIEI
50102,Vernesti,bz,VERNESTI
50228,Vintila Voda,bz,VINTILA VODA
50326,Viperesti,bz,VIPERESTI
50399,Valcelele,bz,VALCELELE
50415,Zarnesti,bz,ZARNESTI
50479,Ziduri,bz,ZIDURI
50549,Unguriu,bz,UNGURIU
50564,Florica,bz,FLORICA
50790,Municipiul Resita,cs,MUNICIPIUL RESITA
50889,Oras Anina,cs,ORAS ANINA
50923,Oras Baile Herculane,cs,ORAS BAILE HERCULANE
50969,Oras Bocsa,cs,ORAS BOCSA
50987,Ocna De Fier,cs,OCNA DE FIER
51010,Municipiul Caransebes,cs,MUNICIPIUL CARANSEBES
51056,Oras Moldova Noua,cs,ORAS MOLDOVA NOUA
51118,Oras Oravita,cs,ORAS ORAVITA
51207,Oras Otelu Rosu,cs,ORAS OTELU ROSU
51243,Armenis,cs,ARMENIS
51305,Bania,cs,BANIA
51332,Bautar,cs,BAUTAR
51387,Berliste,cs,BERLISTE
51449,Berzasca,cs,BERZASCA
51500,Berzovia,cs,BERZOVIA
51546,Bolvasnita,cs,BOLVASNITA
51573,Bozovici,cs,BOZOVICI
51626,Brebu,cs,BREBU
51662,Brebu Nou,cs,BREBU NOU
51699,Buchin,cs,BUCHIN
51751,Bucosnita,cs,BUCOSNITA
51804,Carasova,cs,CARASOVA
51840,Carbunari,cs,CARBUNARI
51877,Constantin Daicoviciu,cs,CONSTANTIN DAICOVICIU
51948,Ciclova Romana,cs,CICLOVA ROMANA
51984,Ciuchici,cs,CIUCHICI
52035,Ciudanovita,cs,CIUDANOVITA
52062,Copacele,cs,COPACELE
52115,Cornea,cs,CORNEA
52160,Cornereva,cs,CORNEREVA
52570,Dalboset,cs,DALBOSET
52650,Doclin,cs,DOCLIN
52696,Dognecea,cs,DOGNECEA
52721,Domasnea,cs,DOMASNEA
52758,Ezeris,cs,EZERIS
52785,Farliug,cs,FARLIUG
52856,Forotic,cs,FOROTIC
52909,Garnic,cs,GARNIC
52936,Glimboca,cs,GLIMBOCA
52954,Goruia,cs,GORUIA
52990,Gradinari,cs,GRADINARI
53023,Iablanita,cs,IABLANITA
53069,Lapusnicel,cs,LAPUSNICEL
53103,Lapusnicu Mare,cs,LAPUSNICU MARE
53130,Luncavita,cs,LUNCAVITA
53167,Lupac,cs,LUPAC
53210,Marga,cs,MARGA
53247,Maureni,cs,MAURENI
53274,Mehadia,cs,MEHADIA
53327,Mehadica,cs,MEHADICA
53345,Naidas,cs,NAIDAS
53372,Obreja,cs,OBREJA
53425,Paltinis,cs,PALTINIS
53489,Coronini,cs,CORONINI
53513,Pojejena,cs,POJEJENA
53577,Prigor,cs,PRIGOR
53639,Ramna,cs,RAMNA
53675,Racasdia,cs,RACASDIA
53700,Eftimie Murgu,cs,EFTIMIE MURGU
53728,Rusca Montana,cs,RUSCA MONTANA
53755,Sacu,cs,SACU
53791,Sasca Montana,cs,SASCA MONTANA
53853,Sichevita,cs,SICHEVITA
54056,Slatina-Timis,cs,SLATINA-TIMIS
54109,Socol,cs,SOCOL
54163,Sopotu Nou,cs,SOPOTU NOU
54270,Teregova,cs,TEREGOVA
54305,Ticvaniu Mare,cs,TICVANIU MARE
54350,Tarnova,cs,TARNOVA
54387,Toplet,cs,TOPLET
54412,Turnu Ruieni,cs,TURNU RUIENI
54485,Valiug,cs,VALIUG
54500,Varadia,cs,VARADIA
54537,Vermes,cs,VERMES
54573,Vrani,cs,VRANI
54617,Zavoi,cs,ZAVOI
54699,Zorlentu Mare,cs,ZORLENTU MARE
54975,Municipiul Cluj-Napoca,cj,MUNICIPIUL CLUJ-NAPOCA
55008,Municipiul Dej,cj,MUNICIPIUL DEJ
55062,Cuzdrioara,cj,CUZDRIOARA
55106,Jichisu De Jos,cj,JICHISU DE JOS
55160,Mica,cj,MICA
55259,Municipiul Turda,cj,MUNICIPIUL TURDA
55277,Mihai Viteazu,cj,MIHAI VITEAZU
55311,Sandulesti,cj,SANDULESTI
55357,Municipiul Campia Turzii,cj,MUNICIPIUL CAMPIA TURZII
55384,Municipiul Gherla,cj,MUNICIPIUL GHERLA
55446,Oras Huedin,cj,ORAS HUEDIN
55473,Aghiresu,cj,AGHIRESU
55598,Aiton,cj,AITON
55623,Alunis,cj,ALUNIS
55687,Apahida,cj,APAHIDA
55776,Aschileu,cj,ASCHILEU
55838,Baciu,cj,BACIU
55918,Baisoara,cj,BAISOARA
56014,Belis,cj,BELIS
56096,Bobalna,cj,BOBALNA
56210,Bontida,cj,BONTIDA
56265,Borsa,cj,BORSA
56327,Buza,cj,BUZA
56354,Caianu,cj,CAIANU
56425,Calarasi,cj,CALARASI
56461,Calatele,cj,CALATELE
56522,Camarasu,cj,CAMARASU
56568,Capusu Mare,cj,CAPUSU MARE
56666,Caseiu,cj,CASEIU
56773,Catina,cj,CATINA
56844,Ceanu Mare,cj,CEANU MARE
56988,Chinteni,cj,CHINTENI
57083,Chiuiesti,cj,CHIUIESTI
57163,Ciucea,cj,CIUCEA
57225,Ciurila,cj,CIURILA
57314,Catcau,cj,CATCAU
57350,Cojocna,cj,COJOCNA
57449,Cornesti,cj,CORNESTI
57546,Dabaca,cj,DABACA
57582,Feleacu,cj,FELEACU
57644,Fizesu Gherlii,cj,FIZESU GHERLII
57706,Floresti,cj,FLORESTI
57742,Frata,cj,FRATA
57831,Geaca,cj,GEACA
57902,Gilau,cj,GILAU
57948,Garbau,cj,GARBAU
58008,Iara,cj,IARA
58142,Iclod,cj,ICLOD
58204,Izvoru Crisului,cj,IZVORU CRISULUI
58259,Jucu,cj,JUCU
58311,Luna,cj,LUNA
58357,Maguri-Racatau,cj,MAGURI-RACATAU
58393,Manastireni,cj,MANASTIRENI
58464,Margau,cj,MARGAU
58534,Marisel,cj,MARISEL
58552,Mintiu Gherlii,cj,MINTIU GHERLII
58623,Mociu,cj,MOCIU
58721,Moldovenesti,cj,MOLDOVENESTI
58794,Palatca,cj,PALATCA
58856,Panticeu,cj,PANTICEU
58918,Petrestii De Jos,cj,PETRESTII DE JOS
58990,Ploscos,cj,PLOSCOS
59041,Poieni,cj,POIENI
59130,Recea-Cristur,cj,RECEA-CRISTUR
59238,Risca,cj,RISCA
59283,Sacuieu,cj,SACUIEU
59327,Savadisla,cj,SAVADISLA
59416,Sic,cj,SIC
59434,Sancraiu,cj,SANCRAIU
59498,Sanmartin,cj,SANMARTIN
59586,Sanpaul,cj,SANPAUL
59657,Suatu,cj,SUATU
59693,Tritenii De Jos,cj,TRITENII DE JOS
59764,Tureni,cj,TURENI
59826,Taga,cj,TAGA
59880,Unguras,cj,UNGURAS
59942,Vad,cj,VAD
60026,Valea Ierii,cj,VALEA IERII
60062,Viisoara,cj,VIISOARA
60099,Vultureni,cj,VULTURENI
60169,Negreni,cj,NEGRENI
60419,Municipiul Constanta,ct,MUNICIPIUL CONSTANTA
60455,Oras Eforie,ct,ORAS EFORIE
60482,Municipiul Mangalia,ct,MUNICIPIUL MANGALIA
60507,Oras Navodari,ct,ORAS NAVODARI
60534,Oras Techirghiol,ct,ORAS TECHIRGHIOL
60570,Agigea,ct,AGIGEA
60598,23-Aug,ct,45161
60632,Limanu,ct,LIMANU
60687,Oras Ovidiu,ct,ORAS OVIDIU
60721,Tuzla,ct,TUZLA
60776,Oras Cernavoda,ct,ORAS CERNAVODA
60801,Oras Harsova,ct,ORAS HARSOVA
60847,Municipiul Medgidia,ct,MUNICIPIUL MEDGIDIA
60883,Adamclisi,ct,ADAMCLISI
60945,Albesti,ct,ALBESTI
61005,Aliman,ct,ALIMAN
61069,Oras Baneasa,ct,ORAS BANEASA
61121,Castelu,ct,CASTELU
61167,Cerchezu,ct,CERCHEZU
61210,Chirnogeni,ct,CHIRNOGENI
61256,Ciobanu,ct,CIOBANU
61283,Ciocarlia,ct,CIOCARLIA
61318,Cobadin,ct,COBADIN
61372,Cogealac,ct,COGEALAC
61452,Comana,ct,COMANA
61513,Corbu,ct,CORBU
61559,Crucea,ct,CRUCEA
61620,Cumpana,ct,CUMPANA
61675,Deleni,ct,DELENI
61737,Dobromir,ct,DOBROMIR
61808,Garliciu,ct,GARLICIU
61826,Ghindaresti,ct,GHINDARESTI
61871,Independenta,ct,INDEPENDENTA
61951,Ion Corvin,ct,ION CORVIN
62020,Istria,ct,ISTRIA
62057,Lipnita,ct,LIPNITA
62137,Mereni,ct,MERENI
62191,Mihail Kogalniceanu,ct,MIHAIL KOGALNICEANU
62253,Mihai Viteazu,ct,MIHAI VITEAZU
62280,Mircea Voda,ct,MIRCEA VODA
62360,Oras Murfatlar,ct,ORAS MURFATLAR
62397,Oras Negru Voda,ct,ORAS NEGRU VODA
62440,Nicolae Balcescu,ct,NICOLAE BALCESCU
62486,Oltina,ct,OLTINA
62538,Ostrov,ct,OSTROV
62609,Pantelimon,ct,PANTELIMON
62672,Pecineaga,ct,PECINEAGA
62707,Pestera,ct,PESTERA
62761,Poarta Alba,ct,POARTA ALBA
62798,Rasova,ct,RASOVA
62823,Saraiu,ct,SARAIU
62878,Sacele,ct,SACELE
62903,Seimeni,ct,SEIMENI
62949,Silistea,ct,SILISTEA
62985,Targusor,ct,TARGUSOR
63045,Topalu,ct,TOPALU
63072,Topraisar,ct,TOPRAISAR
63125,Valu Lui Traian,ct,VALU LUI TRAIAN
63152,Lumina,ct,LUMINA
63161,Dumbraveni,ct,DUMBRAVENI
63170,Vulturu,ct,VULTURU
63189,Tortoman,ct,TORTOMAN
63198,Amzacea,ct,AMZACEA
63278,Horia,ct,HORIA
63286,Costinesti,ct,COSTINESTI
63294,Baraganu,ct,BARAGANU
63300,Cuza Voda,ct,CUZA VODA
63318,Saligny,ct,SALIGNY
63326,Gradina,ct,GRADINA
63334,Fantanele,ct,FANTANELE
63394,Municipiul Sfantu Gheorghe,cv,MUNICIPIUL SFANTU GHEORGHE
63447,Oras Baraolt,cv,ORAS BARAOLT
63526,Oras Covasna,cv,ORAS COVASNA
63553,Comandau,cv,COMANDAU
63580,Oras Intorsura Buzaului,cv,ORAS INTORSURA BUZAULUI
63633,Barcani,cv,BARCANI
63688,Sita Buzaului,cv,SITA BUZAULUI
63740,Municipiul Targu Secuiesc,cv,MUNICIPIUL TARGU SECUIESC
63777,Aita Mare,cv,AITA MARE
63802,Batani,cv,BATANI
63866,Belin,cv,BELIN
63893,Bodoc,cv,BODOC
63937,Borosneu Mare,cv,BOROSNEU MARE
64005,Brates,cv,BRATES
64041,Bradut,cv,BRADUT
64096,Bretcu,cv,BRETCU
64130,Catalina,cv,CATALINA
64194,Cernat,cv,CERNAT
64238,Chichis,cv,CHICHIS
64265,Dobarlau,cv,DOBARLAU
64318,Ghelinta,cv,GHELINTA
64345,Ghidfalau,cv,GHIDFALAU
64390,Haghig,cv,HAGHIG
64425,Ilieni,cv,ILIENI
64461,Lemnia,cv,LEMNIA
64504,Malnas,cv,MALNAS
64568,Moacsa,cv,MOACSA
64602,Ojdula,cv,OJDULA
64639,Ozun,cv,OZUN
64719,Poian,cv,POIAN
64773,Reci,cv,RECI
64826,Sanzieni,cv,SANZIENI
64871,Turia,cv,TURIA
64906,Valea Crisului,cv,VALEA CRISULUI
64942,Valcele,cv,VALCELE
64997,Varghis,cv,VARGHIS
65011,Zagon,cv,ZAGON
65048,Zabala,cv,ZABALA
65099,Valea Mare,cv,VALEA MARE
65105,Mereni,cv,MERENI
65113,Arcus,cv,ARCUS
65121,Bixad,cv,BIXAD
65139,Micfalau,cv,MICFALAU
65147,Dalnic,cv,DALNIC
65154,Estelnic,cv,ESTELNIC
65342,Municipiul Targoviste,db,MUNICIPIUL TARGOVISTE
65379,Aninoasa,db,ANINOASA
65413,Doicesti,db,DOICESTI
65431,Razvad,db,RAZVAD
65477,Sotanga,db,SOTANGA
65501,Ulmi,db,ULMI
65609,Oras Fieni,db,ORAS FIENI
65645,Motaieni,db,MOTAIENI
65681,Oras Gaesti,db,ORAS GAESTI
65707,Gura Foii,db,GURA FOII
65752,Petresti,db,PETRESTI
65841,Municipiul Moreni,db,MUNICIPIUL MORENI
65869,Iedera,db,IEDERA
65921,Oras Pucioasa,db,ORAS PUCIOASA
66009,Branesti,db,BRANESTI
66081,Oras Titu,db,ORAS TITU
66152,Branistea,db,BRANISTEA
66198,Baleni,db,BALENI
66223,Barbuletu,db,BARBULETU
66330,Bezdead,db,BEZDEAD
66401,Bilciuresti,db,BILCIURESTI
66438,Buciumeni,db,BUCIUMENI
66474,Bucsani,db,BUCSANI
66526,Candesti,db,CANDESTI
66580,Cobia,db,COBIA
66697,Cojasca,db,COJASCA
66731,Comisani,db,COMISANI
66768,Contesti,db,CONTESTI
66857,Corbii Mari,db,CORBII MARI
66955,Cornatelu,db,CORNATELU
67014,Cornesti,db,CORNESTI
67121,Costestii Din Vale,db,COSTESTII DIN VALE
67167,Crangurile,db,CRANGURILE
67256,Darmanesti,db,DARMANESTI
67292,Dobra,db,DOBRA
67327,Dragodana,db,DRAGODANA
67407,Dragomiresti,db,DRAGOMIRESTI
67470,Finta,db,FINTA
67522,Glodeni,db,GLODENI
67595,Gura Ocnitei,db,GURA OCNITEI
67648,Gura Sutii,db,GURA SUTII
67675,Hulubesti,db,HULUBESTI
67737,I. L. Caragiale,db,I. L. CARAGIALE
67773,Lucieni,db,LUCIENI
67835,Ludesti,db,LUDESTI
67906,Lunguletu,db,LUNGULETU
67942,Malu Cu Flori,db,MALU CU FLORI
68002,Manesti,db,MANESTI
68048,Matasaru,db,MATASARU
68128,Mogosani,db,MOGOSANI
68182,Moroeni,db,MOROENI
68253,Morteni,db,MORTENI
68280,Nucet,db,NUCET
68324,Ocnita,db,OCNITA
68342,Odobesti,db,ODOBESTI
68404,Pietrosita,db,PIETROSITA
68431,Poiana,db,POIANA
68468,Potlogi,db,POTLOGI
68529,Produlesti,db,PRODULESTI
68565,Pucheni,db,PUCHENI
68627,Oras Racari,db,ORAS RACARI
68716,Runcu,db,RUNCU
68789,Salcioara,db,SALCIOARA
68887,Selaru,db,SELARU
68921,Tatarani,db,TATARANI
68976,Uliesti,db,ULIESTI
69063,Valea Lunga,db,VALEA LUNGA
69170,Valea Mare,db,VALEA MARE
69250,Vacaresti,db,VACARESTI
69303,Valeni-Dambovita,db,VALENI-DAMBOVITA
69330,Visina,db,VISINA
69394,Visinesti,db,VISINESTI
69447,Varfuri,db,VARFURI
69526,Voinesti,db,VOINESTI
69615,Vulcana-Bai,db,VULCANA-BAI
69900,Municipiul Craiova,dj,MUNICIPIUL CRAIOVA
69964,Bucovat,dj,BUCOVAT
70094,Isalnita,dj,ISALNITA
70110,Podari,dj,PODARI
70174,Simnicu De Sus,dj,SIMNICU DE SUS
70316,Municipiul Bailesti,dj,MUNICIPIUL BAILESTI
70352,Municipiul Calafat,dj,MUNICIPIUL CALAFAT
70414,Oras Filiasi,dj,ORAS FILIASI
70502,Oras Segarcea,dj,ORAS SEGARCEA
70520,Afumati,dj,AFUMATI
70566,Almaj,dj,ALMAJ
70637,Amarastii De Jos,dj,AMARASTII DE JOS
70673,Amarastii De Sus,dj,AMARASTII DE SUS
70726,Apele Vii,dj,APELE VII
70744,Argetoaia,dj,ARGETOAIA
70879,Oras Bechet,dj,ORAS BECHET
70897,Bistret,dj,BISTRET
70940,Barca,dj,BARCA
70968,Botosesti-Paia,dj,BOTOSESTI-PAIA
70986,Brabova,dj,BRABOVA
71055,Bradesti,dj,BRADESTI
71126,Bralostita,dj,BRALOSTITA
71199,Bratovoesti,dj,BRATOVOESTI
71260,Breasta,dj,BREASTA
71340,Bulzesti,dj,BULZESTI
71457,Calopar,dj,CALOPAR
71518,Caraula,dj,CARAULA
71536,Carpen,dj,CARPEN
71572,Castranova,dj,CASTRANOVA
71607,Calarasi,dj,CALARASI
71634,Celaru,dj,CELARU
71698,Cerat,dj,CERAT
71723,Cernatesti,dj,CERNATESTI
71787,Cetate,dj,CETATE
71812,Cioroiasi,dj,CIOROIASI
71858,Ciupercenii Noi,dj,CIUPERCENII NOI
71885,Cosoveni,dj,COSOVENI
71910,Cotofenii Din Dos,dj,COTOFENII DIN DOS
71956,Daneti,dj,DANETI
72007,Oras Dabuleni,dj,ORAS DABULENI
72034,Desa,dj,DESA
72052,Diosti,dj,DIOSTI
72098,Dobresti,dj,DOBRESTI
72150,Dragotesti,dj,DRAGOTESTI
72221,Dranic,dj,DRANIC
72276,Farcas,dj,FARCAS
72383,Galicea Mare,dj,GALICEA MARE
72409,Ghercesti,dj,GHERCESTI
72463,Gighera,dj,GIGHERA
72506,Giubega,dj,GIUBEGA
72533,Giurgita,dj,GIURGITA
72579,Gangiova,dj,GANGIOVA
72604,Gogosu,dj,GOGOSU
72640,Goicea,dj,GOICEA
72677,Goiesti,dj,GOIESTI
72819,Grecesti,dj,GRECESTI
72882,Izvoare,dj,IZVOARE
72926,Leu,dj,LEU
72953,Lipovu,dj,LIPOVU
72980,Macesu De Jos,dj,MACESU DE JOS
73013,Macesu De Sus,dj,MACESU DE SUS
73031,Maglavit,dj,MAGLAVIT
73068,Malu Mare,dj,MALU MARE
73102,Melinesti,dj,MELINESTI
73246,Mischii,dj,MISCHII
73317,Marsani,dj,MARSANI
73335,Motatei,dj,MOTATEI
73371,Murgasi,dj,MURGASI
73460,Negoi,dj,NEGOI
73503,Orodel,dj,ORODEL
73567,Ostroveni,dj,OSTROVENI
73594,Perisor,dj,PERISOR
73629,Pielesti,dj,PIELESTI
73665,Piscu Vechi,dj,PISCU VECHI
73709,Plenita,dj,PLENITA
73736,Poiana Mare,dj,POIANA MARE
73772,Predesti,dj,PREDESTI
73852,Radovan,dj,RADOVAN
73905,Rast,dj,RAST
73923,Robanesti,dj,ROBANESTI
73996,Sadova,dj,SADOVA
74028,Salcuta,dj,SALCUTA
74073,Scaesti,dj,SCAESTI
74108,Seaca De Camp,dj,SEACA DE CAMP
74135,Seaca De Padure,dj,SEACA DE PADURE
74171,Secu,dj,SECU
74224,Silistea Crucii,dj,SILISTEA CRUCII
74242,Sopot,dj,SOPOT
74322,Teasc,dj,TEASC
74359,Terpezita,dj,TERPEZITA
74411,Teslui,dj,TESLUI
74509,Tuglui,dj,TUGLUI
74536,Unirea,dj,UNIREA
74554,Urzicuta,dj,URZICUTA
74581,Valea Stanciului,dj,VALEA STANCIULUI
74616,Vela,dj,VELA
74705,Verbita,dj,VERBITA
74732,Vartop,dj,VARTOP
74750,Varvoru De Jos,dj,VARVORU DE JOS
74842,Catane,dj,CATANE
74859,Carcea,dj,CARCEA
74867,Carna,dj,CARNA
74875,Cotofenii Din Fata,dj,COTOFENII DIN FATA
74883,Dobrotesti,dj,DOBROTESTI
74891,Galiciuica,dj,GALICIUICA
74907,Ghidici,dj,GHIDICI
74915,Ghindeni,dj,GHINDENI
74923,Intorsura,dj,INTORSURA
74931,Plesoi,dj,PLESOI
74949,Rojiste,dj,ROJISTE
74956,Talpas,dj,TALPAS
75098,Municipiul Galati,gl,MUNICIPIUL GALATI
75114,Sendreni,gl,SENDRENI
75150,Vanatori,gl,VANATORI
75203,Municipiul Tecuci,gl,MUNICIPIUL TECUCI
75221,Draganesti,gl,DRAGANESTI
75258,Munteni,gl,MUNTENI
75338,Oras Beresti,gl,ORAS BERESTI
75356,Beresti-Meria,gl,BERESTI-MERIA
75472,Oras Targu Bujor,gl,ORAS TARGU BUJOR
75515,Barcea,gl,BARCEA
75542,Balabanesti,gl,BALABANESTI
75613,Balasesti,gl,BALASESTI
75668,Baleni,gl,BALENI
75686,Baneasa,gl,BANEASA
75711,Branistea,gl,BRANISTEA
75766,Brahasesti,gl,BRAHASESTI
75819,Buciumeni,gl,BUCIUMENI
75864,Cavadinesti,gl,CAVADINESTI
75917,Certesti,gl,CERTESTI
75953,Corod,gl,COROD
76004,Corni,gl,CORNI
76040,Cosmesti,gl,COSMESTI
76111,Costache Negri,gl,COSTACHE NEGRI
76139,Cuca,gl,CUCA
76157,Cudalbi,gl,CUDALBI
76175,Draguseni,gl,DRAGUSENI
76255,Fartanesti,gl,FARTANESTI
76282,Foltesti,gl,FOLTESTI
76317,Frumusita,gl,FRUMUSITA
76353,Fundeni,gl,FUNDENI
76406,Ghidigeni,gl,GHIDIGENI
76497,Gohor,gl,GOHOR
76558,Grivita,gl,GRIVITA
76585,Independenta,gl,INDEPENDENTA
76601,Ivesti,gl,IVESTI
76638,Jorasti,gl,JORASTI
76674,Liesti,gl,LIESTI
76692,Matca,gl,MATCA
76718,Mastacani,gl,MASTACANI
76745,Movileni,gl,MOVILENI
76763,Namoloasa,gl,NAMOLOASA
76807,Nicoresti,gl,NICORESTI
76932,Oancea,gl,OANCEA
76969,Pechea,gl,PECHEA
76996,Piscu,gl,PISCU
77028,Priponesti,gl,PRIPONESTI
77082,Rediu,gl,REDIU
77126,Scanteiesti,gl,SCANTEIESTI
77153,Schela,gl,SCHELA
77180,Slobozia Conachi,gl,SLOBOZIA CONACHI
77224,Smardan,gl,SMARDAN
77260,Smulti,gl,SMULTI
77288,Suceveni,gl,SUCEVENI
77313,Tudor Vladimirescu,gl,TUDOR VLADIMIRESCU
77331,Tulucesti,gl,TULUCESTI
77377,Tepu,gl,TEPU
77402,Umbraresti,gl,UMBRARESTI
77475,Valea Marului,gl,VALEA MARULUI
77509,Varlezi,gl,VARLEZI
77536,Vladesti,gl,VLADESTI
77561,Radesti,gl,RADESTI
77579,Negrilesti,gl,NEGRILESTI
77587,Poiana,gl,POIANA
77595,Cuza Voda,gl,CUZA VODA
77601,Suhurlui,gl,SUHURLUI
77812,Municipiul Targu Jiu,gj,MUNICIPIUL TARGU JIU
77910,Balesti,gj,BALESTI
78016,Dragutesti,gj,DRAGUTESTI
78089,Turcinesti,gj,TURCINESTI
78141,Municipiul Motru,gj,MUNICIPIUL MOTRU
78258,Oras Novaci,gj,ORAS NOVACI
78329,Oras Targu Carbunesti,gj,ORAS TARGU CARBUNESTI
78454,Oras Ticleni,gj,ORAS TICLENI
78472,Albeni,gj,ALBENI
78542,Alimpesti,gj,ALIMPESTI
78604,Aninoasa,gj,ANINOASA
78668,Arcani,gj,ARCANI
78711,Baia De Fier,gj,BAIA DE FIER
78748,Balanesti,gj,BALANESTI
78828,Barbatesti,gj,BARBATESTI
78873,Bengesti-Ciocadia,gj,BENGESTI-CIOCADIA
78926,Berlesti,gj,BERLESTI
79004,Balteni,gj,BALTENI
79077,Bolbosi,gj,BOLBOSI
79157,Borascu,gj,BORASCU
79237,Branesti,gj,BRANESTI
79308,Oras Bumbesti-Jiu,gj,ORAS BUMBESTI-JIU
79362,Bumbesti-Pitic,gj,BUMBESTI-PITIC
79406,Bustuchin,gj,BUSTUCHIN
79497,Capreni,gj,CAPRENI
79585,Catunele,gj,CATUNELE
79656,Ciuperceni,gj,CIUPERCENI
79736,Calnic,gj,CALNIC
79834,Crasna,gj,CRASNA
79932,Cruset,gj,CRUSET
80043,Danciulesti,gj,DANCIULESTI
80123,Danesti,gj,DANESTI
80249,Dragotesti,gj,DRAGOTESTI
80285,Farcasesti,gj,FARCASESTI
80365,Glogova,gj,GLOGOVA
80427,Godinesti,gj,GODINESTI
80506,Hurezani,gj,HUREZANI
80560,Ionesti,gj,IONESTI
80613,Jupanesti,gj,JUPANESTI
80677,Lelesti,gj,LELESTI
80711,Licurici,gj,LICURICI
80766,Logresti,gj,LOGRESTI
80846,Matasari,gj,MATASARI
80908,Musetesti,gj,MUSETESTI
80980,Negomir,gj,NEGOMIR
81095,Pades,gj,PADES
81184,Pestisani,gj,PESTISANI
81264,Plopsoru,gj,PLOPSORU
81380,Polovragi,gj,POLOVRAGI
81415,Prigoria,gj,PRIGORIA
81497,Rosia De Amaradia,gj,ROSIA DE AMARADIA
81576,Runcu,gj,RUNCU
81656,Samarinesti,gj,SAMARINESTI
81754,Sacelu,gj,SACELU
81816,Saulesti,gj,SAULESTI
81861,Scoarta,gj,SCOARTA
81987,Schela,gj,SCHELA
82047,Slivilesti,gj,SLIVILESTI
82136,Stanesti,gj,STANESTI
82243,Stejari,gj,STEJARI
82314,Stoina,gj,STOINA
82396,Telesti,gj,TELESTI
82430,Oras Tismana,gj,ORAS TISMANA
82555,Turburea,gj,TURBUREA
82617,Oras Turceni,gj,ORAS TURCENI
82680,Tantareni,gj,TANTARENI
82733,Urdari,gj,URDARI
82779,Vagiulesti,gj,VAGIULESTI
82831,Vladimir,gj,VLADIMIR
82895,Oras Rovinari,gj,ORAS ROVINARI
83133,Municipiul Odorheiu Secuiesc,hr,MUNICIPIUL ODORHEIU SECUIESC
83151,Bradesti,hr,BRADESTI
83197,Feliceni,hr,FELICENI
83320,Municipiul Miercurea Ciuc,hr,MUNICIPIUL MIERCUREA CIUC
83375,Pauleni-Ciuc,hr,PAULENI-CIUC
83428,Oras Baile Tusnad,hr,ORAS BAILE TUSNAD
83464,Oras Balan,hr,ORAS BALAN
83491,Oras Borsec,hr,ORAS BORSEC
83525,Oras Cristuru Secuiesc,hr,ORAS CRISTURU SECUIESC
83561,Municipiul Gheorgheni,hr,MUNICIPIUL GHEORGHENI
83632,Municipiul Toplita,hr,MUNICIPIUL TOPLITA
83749,Oras Vlahita,hr,ORAS VLAHITA
83785,Atid,hr,ATID
83847,Avramesti,hr,AVRAMESTI
83936,Bilbor,hr,BILBOR
83963,Capalnita,hr,CAPALNITA
83981,Ciucsangeorgiu,hr,CIUCSANGEORGIU
84086,Ciumani,hr,CIUMANI
84102,Carta,hr,CARTA
84148,Corbu,hr,CORBU
84175,Corund,hr,CORUND
84237,Danesti,hr,DANESTI
84264,Dealu,hr,DEALU
84344,Ditrau,hr,DITRAU
84380,Darjiu,hr,DARJIU
84415,Frumoasa,hr,FRUMOASA
84460,Galautas,hr,GALAUTAS
84558,Joseni,hr,JOSENI
84594,Lazarea,hr,LAZAREA
84629,Lueta,hr,LUETA
84656,Lunca De Jos,hr,LUNCA DE JOS
84754,Lunca De Sus,hr,LUNCA DE SUS
84825,Lupeni,hr,LUPENI
84923,Martinis,hr,MARTINIS
85056,Meresti,hr,MERESTI
85074,Mihaileni,hr,MIHAILENI
85127,Mugeni,hr,MUGENI
85243,Ocland,hr,OCLAND
85289,Plaiesii De Jos,hr,PLAIESII DE JOS
85341,Praid,hr,PRAID
85412,Remetea,hr,REMETEA
85467,Sacel,hr,SACEL
85528,Sarmas,hr,SARMAS
85582,Secuieni,hr,SECUIENI
85626,Siculeni,hr,SICULENI
85680,Sancraieni,hr,SANCRAIENI
85760,Sandominic,hr,SANDOMINIC
85788,Sanmartin,hr,SANMARTIN
85840,Sansimion,hr,SANSIMION
85877,Subcetate,hr,SUBCETATE
85920,Suseni,hr,SUSENI
85984,Simonesti,hr,SIMONESTI
86133,Tulghes,hr,TULGHES
86188,Tusnad,hr,TUSNAD
86222,Ulies,hr,ULIES
86311,Varsag,hr,VARSAG
86339,Voslabeni,hr,VOSLABENI
86366,Zetea,hr,ZETEA
86438,Madaras,hr,MADARAS
86446,Cozmeni,hr,COZMENI
86453,Tomesti,hr,TOMESTI
86461,Ciceu,hr,CICEU
86479,Leliceni,hr,LELICENI
86487,Porumbeni,hr,PORUMBENI
86495,Racu,hr,RACU
86501,Satu Mare,hr,SATU MARE
86519,Santimbru,hr,SANTIMBRU
86687,Municipiul Deva,hd,MUNICIPIUL DEVA
86749,Carjiti,hd,CARJITI
86810,Municipiul Hunedoara,hd,MUNICIPIUL HUNEDOARA
86883,Ghelari,hd,GHELARI
86936,Teliucu Inferior,hd,TELIUCU INFERIOR
86990,Municipiul Petrosani,hd,MUNICIPIUL PETROSANI
87059,Municipiul Lupeni,hd,MUNICIPIUL LUPENI
87077,Oras Petrila,hd,ORAS PETRILA
87139,Oras Uricani,hd,ORAS URICANI
87175,Municipiul Vulcan,hd,MUNICIPIUL VULCAN
87219,Oras Aninoasa,hd,ORAS ANINOASA
87246,Banita,hd,BANITA
87291,Municipiul Brad,hd,MUNICIPIUL BRAD
87362,Criscior,hd,CRISCIOR
87424,Oras Calan,hd,ORAS CALAN
87576,Oras Hateg,hd,ORAS HATEG
87638,Municipiul Orastie,hd,MUNICIPIUL ORASTIE
87665,Oras Simeria,hd,ORAS SIMERIA
87745,Baia De Cris,hd,BAIA DE CRIS
87843,Balsa,hd,BALSA
87996,Baru,hd,BARU
88047,Bacia,hd,BACIA
88092,Baita,hd,BAITA
88216,Batrana,hd,BATRANA
88261,Beriu,hd,BERIU
88350,Blajeni,hd,BLAJENI
88449,Bosorod,hd,BOSOROD
88546,Branisca,hd,BRANISCA
88644,Bretea Romana,hd,BRETEA ROMANA
88788,Buces,hd,BUCES
88868,Bucuresci,hd,BUCURESCI
88920,Bulzestii De Sus,hd,BULZESTII DE SUS
89026,Bunila,hd,BUNILA
89080,Burjuc,hd,BURJUC
89151,Cerbal,hd,CERBAL
89240,Certeju De Sus,hd,CERTEJU DE SUS
89348,Densus,hd,DENSUS
89428,Dobra,hd,DOBRA
89561,Oras Geoagiu,hd,ORAS GEOAGIU
89687,Gurasada,hd,GURASADA
89801,Harau,hd,HARAU
89856,Ilia,hd,ILIA
89954,Lapugiu De Jos,hd,LAPUGIU DE JOS
90066,Lelese,hd,LELESE
90119,Lunca Cernii De Jos,hd,LUNCA CERNII DE JOS
90208,Luncoiu De Jos,hd,LUNCOIU DE JOS
90262,Martinesti,hd,MARTINESTI
90342,Orastioara De Sus,hd,ORASTIOARA DE SUS
90431,Pestisu Mic,hd,PESTISU MIC
90538,Pui,hd,PUI
90663,Rapoltu Mare,hd,RAPOLTU MARE
90725,Rachitova,hd,RACHITOVA
90805,Ribita,hd,RIBITA
90878,Rau De Mori,hd,RAU DE MORI
90994,Romos,hd,ROMOS
91054,Sarmizegetusa,hd,SARMIZEGETUSA
91116,Salasu De Sus,hd,SALASU DE SUS
91232,Santamaria-Orlea,hd,SANTAMARIA-ORLEA
91330,Soimus,hd,SOIMUS
91447,Tomesti,hd,TOMESTI
91535,Toplita,hd,TOPLITA
91624,Totesti,hd,TOTESTI
91688,Turdas,hd,TURDAS
91731,General Berthelot,hd,GENERAL BERTHELOT
91795,Vata De Jos,hd,VATA DE JOS
91937,Valisoara,hd,VALISOARA
91982,Vetel,hd,VETEL
92097,Vorta,hd,VORTA
92177,Zam,hd,ZAM
92569,Municipiul Calarasi,cl,MUNICIPIUL CALARASI
92587,Modelu,cl,MODELU
92658,Municipiul Slobozia,il,MUNICIPIUL SLOBOZIA
92701,Municipiul Fetesti,il,MUNICIPIUL FETESTI
92765,Oras Tandarei,il,ORAS TANDAREI
92783,Albesti,il,ALBESTI
92836,Oras Amara,il,ORAS AMARA
92872,Andrasesti,il,ANDRASESTI
92907,Balaciu,il,BALACIU
92961,Borcea,cl,BORCEA
92989,Bordusani,il,BORDUSANI
93021,Bucu,il,BUCU
93067,Oras Cazanesti,il,ORAS CAZANESTI
93085,Ciocanesti,cl,CIOCANESTI
93101,Ciochina,il,CIOCHINA
93156,Ciulnita,il,CIULNITA
93209,Cocora,il,COCORA
93236,Cosambesti,il,COSAMBESTI
93281,Cuza Voda,cl,CUZA VODA
93325,Dichiseni,cl,DICHISENI
93370,Dor Marunt,cl,DOR MARUNT
93441,Dorobantu,cl,DOROBANTU
93487,Dragalina,cl,DRAGALINA
93539,Dragos Voda,cl,DRAGOS VODA
93575,Facaeni,il,FACAENI
93600,Gheorghe Doja,il,GHEORGHE DOJA
93628,Gheorghe Lazar,il,GHEORGHE LAZAR
93646,Giurgeni,il,GIURGENI
93664,Gradistea,cl,GRADISTEA
93717,Grindu,il,GRINDU
93735,Grivita,il,GRIVITA
93771,Independenta,cl,INDEPENDENTA
93815,Jegalia,cl,JEGALIA
93851,Lehliu,cl,LEHLIU
93888,Oras Lehliu Gara,cl,ORAS LEHLIU GARA
93931,Lupsanu,cl,LUPSANU
93995,Mihail Kogalniceanu,il,MIHAIL KOGALNICEANU
94045,Milosesti,il,MILOSESTI
94081,Movila,il,MOVILA
94107,Munteni-Buzau,il,MUNTENI-BUZAU
94125,Alexandru Odobescu,cl,ALEXANDRU ODOBESCU
94161,Perieti,il,PERIETI
94223,Perisoru,cl,PERISORU
94269,Reviga,il,REVIGA
94312,Roseti,cl,ROSETI
94330,Salcioara,il,SALCIOARA
94376,Saveni,il,SAVENI
94429,Scanteia,il,SCANTEIA
94456,Sfantu Gheorghe,il,SFANTU GHEORGHE
94492,Stelnica,il,STELNICA
94535,Suditi,il,SUDITI
94562,Stefan Cel Mare,cl,STEFAN CEL MARE
94580,Stefan Voda,cl,STEFAN VODA
94606,Ulmu,cl,ULMU
94651,Unirea,cl,UNIREA
94688,Valea Ciorii,il,VALEA CIORII
94731,Valcelele,cl,VALCELELE
94768,Vlad Tepes,cl,VLAD TEPES
94795,Vladeni,il,VLADENI
95060,Municipiul Iasi,is,MUNICIPIUL IASI
95088,Barnova,is,BARNOVA
95159,Holboca,is,HOLBOCA
95239,Rediu,is,REDIU
95293,Tomesti,is,TOMESTI
95355,Oras Harlau,is,ORAS HARLAU
95391,Municipiul Pascani,is,MUNICIPIUL PASCANI
95471,Oras Targu Frumos,is,ORAS TARGU FRUMOS
95499,Ion Neculce,is,ION NECULCE
95612,Alexandru I. Cuza,is,ALEXANDRU I. CUZA
95667,Andrieseni,is,ANDRIESENI
95747,Aroneanu,is,ARONEANU
95792,Baltati,is,BALTATI
95872,Belcesti,is,BELCESTI
95943,Bivolari,is,BIVOLARI
96003,Ungheni,is,UNGHENI
96058,Braesti,is,BRAESTI
96110,Butea,is,BUTEA
96147,Ceplenita,is,CEPLENITA
96192,Ciortesti,is,CIORTESTI
96254,Ciurea,is,CIUREA
96334,Coarnele Caprei,is,COARNELE CAPREI
96370,Comarna,is,COMARNA
96423,Costuleni,is,COSTULENI
96478,Cotnari,is,COTNARI
96593,Cozmesti,is,COZMESTI
96637,Cristesti,is,CRISTESTI
96664,Cucuteni,is,CUCUTENI
96717,Dagata,is,DAGATA
96815,Deleni,is,DELENI
96888,Dobrovat,is,DOBROVAT
96904,Dolhesti,is,DOLHESTI
96940,Dumesti,is,DUMESTI
97009,Erbiceni,is,ERBICENI
97063,Focuri,is,FOCURI
97090,Golaiesti,is,GOLAIESTI
97189,Gorban,is,GORBAN
97241,Grajduri,is,GRAJDURI
97321,Gropnita,is,GROPNITA
97394,Grozesti,is,GROZESTI
97438,Halaucesti,is,HALAUCESTI
97465,Helesteni,is,HELESTENI
97517,Horlesti,is,HORLESTI
97553,Ipatele,is,IPATELE
97606,Lespezi,is,LESPEZI
97679,Letcani,is,LETCANI
97722,Lungani,is,LUNGANI
97777,Madarjac,is,MADARJAC
97811,Mircesti,is,MIRCESTI
97875,Mironeasa,is,MIRONEASA
97919,Miroslava,is,MIROSLAVA
98051,Miroslovesti,is,MIROSLOVESTI
98113,Mogosesti,is,MOGOSESTI
98168,Mogosesti-Siret,is,MOGOSESTI-SIRET
98202,Mosna,is,MOSNA
98220,Motca,is,MOTCA
98257,Movileni,is,MOVILENI
98300,Oteleni,is,OTELENI
98337,Plugari,is,PLUGARI
98373,Oras Podu Iloaiei,is,ORAS PODU ILOAIEI
98435,Popesti,is,POPESTI
98505,Popricani,is,POPRICANI
98603,Prisacani,is,PRISACANI
98649,Probota,is,PROBOTA
98685,Raducaneni,is,RADUCANENI
98738,Romanesti,is,ROMANESTI
98774,Ruginoasa,is,RUGINOASA
98827,Schitu Duca,is,SCHITU DUCA
98916,Scanteia,is,SCANTEIA
98998,Scobinti,is,SCOBINTI
99058,Sinesti,is,SINESTI
99101,Siretel,is,SIRETEL
99165,Stolniceni-Prajescu,is,STOLNICENI-PRAJESCU
99209,Strunga,is,STRUNGA
99290,Scheia,is,SCHEIA
99370,Sipote,is,SIPOTE
99441,Tansa,is,TANSA
99478,Tatarusi,is,TATARUSI
99539,Todiresti,is,TODIRESTI
99600,Trifesti,is,TRIFESTI
99673,Tibana,is,TIBANA
99780,Tibanesti,is,TIBANESTI
99879,Tiganasi,is,TIGANASI
99922,Tutora,is,TUTORA
99968,Valea Seaca,is,VALEA SEACA
100004,Victoria,is,VICTORIA
100086,Vanatori,is,VANATORI
100148,Vladeni,is,VLADENI
100219,Voinesti,is,VOINESTI
100273,Bals,is,BALS
100282,Costesti,is,COSTESTI
100308,Draguseni,is,DRAGUSENI
100317,Fantanele,is,FANTANELE
100326,Harmanesti,is,HARMANESTI
100335,Rachiteni,is,RACHITENI
100344,Roscani,is,ROSCANI
100353,Valea Lupului,is,VALEA LUPULUI
100362,Ciohorani,is,CIOHORANI
100521,Municipiul Giurgiu,gr,MUNICIPIUL GIURGIU
100549,Slobozia,gr,SLOBOZIA
100576,Oras Buftea,if,ORAS BUFTEA
100610,Municipiul Oltenita,cl,MUNICIPIUL OLTENITA
100638,Mitreni,cl,MITRENI
100683,Municipiul Urziceni,il,MUNICIPIUL URZICENI
100709,Ciocarlia,il,CIOCARLIA
100736,Manasia,il,MANASIA
100754,Adancata,il,ADANCATA
100781,Adunatii-Copaceni,gr,ADUNATII-COPACENI
100834,Afumati,if,AFUMATI
100852,Alexeni,il,ALEXENI
100870,Armasesti,il,ARMASESTI
100923,Axintele,il,AXINTELE
100969,Balotesti,if,BALOTESTI
101001,Baneasa,gr,BANEASA
101056,Barcanesti,il,BARCANESTI
101083,Belciugatele,cl,BELCIUGATELE
101145,Berceni,if,BERCENI
101163,Bolintin-Deal,gr,BOLINTIN-DEAL
101190,Oras Bolintin-Vale,gr,ORAS BOLINTIN-VALE
101243,Brazii,il,BRAZII
101298,Branesti,if,BRANESTI
101341,Brezoaele,db,BREZOAELE
101378,Bucsani,gr,BUCSANI
101458,Oras Budesti,cl,ORAS BUDESTI
101519,Bulbucata,gr,BULBUCATA
101564,Butimanu,db,BUTIMANU
101617,Buturugeni,gr,BUTURUGENI
101662,Calugareni,gr,CALUGARENI
101724,Cascioarele,cl,CASCIOARELE
101742,Cernica,if,CERNICA
101804,Chirnogi,cl,CHIRNOGI
101822,Chiselet,cl,CHISELET
101840,Ciocanesti,db,CIOCANESTI
101902,Ciolpani,if,CIOLPANI
101957,Ciorogarla,if,CIOROGARLA
101984,Clejani,gr,CLEJANI
102035,Clinceni,if,CLINCENI
102071,Colibasi,gr,COLIBASI
102106,Comana,gr,COMANA
102160,Corbeanca,if,CORBEANCA
102213,Cornetu,if,CORNETU
102240,Cosereni,il,COSERENI
102286,Crevedia,db,CREVEDIA
102348,Crevedia Mare,gr,CREVEDIA MARE
102419,Curcani,cl,CURCANI
102446,Daia,gr,DAIA
102473,Dascalu,if,DASCALU
102525,Darasti-Ilfov,if,DARASTI-ILFOV
102543,1 Decembrie,if,1 DECEMBRIE
102570,Domnesti,if,DOMNESTI
102605,Dragomiresti-Vale,if,DRAGOMIRESTI-VALE
102641,Dragoesti,il,DRAGOESTI
102703,Dridu,il,DRIDU
102749,Oras Fierbinti-Targ,il,ORAS FIERBINTI-TARG
102794,Floresti-Stoenesti,gr,FLORESTI-STOENESTI
102838,Frasinet,cl,FRASINET
102909,Fratesti,gr,FRATESTI
102945,Frumusani,cl,FRUMUSANI
103014,Fundeni,cl,FUNDENI
103032,Oras Fundulea,cl,ORAS FUNDULEA
103087,Gaiseni,gr,GAISENI
103130,Ganeasa,if,GANEASA
103194,Gaujani,gr,GAUJANI
103238,Ghimpati,gr,GHIMPATI
103283,Garbovi,il,GARBOVI
103309,Gogosari,gr,GOGOSARI
103354,Gostinu,gr,GOSTINU
103372,Gostinari,gr,GOSTINARI
103407,Gradinari,gr,GRADINARI
103443,Gradistea,if,GRADISTEA
103470,Greaca,gr,GREACA
103513,Gruiu,if,GRUIU
103568,Gurbanesti,cl,GURBANESTI
103639,Hotarele,gr,HOTARELE
103693,Iepuresti,gr,IEPURESTI
103764,Ileana,cl,ILEANA
103862,Ion Roata,il,ION ROATA
103899,Izvoarele,gr,IZVOARELE
103960,Jilavele,il,JILAVELE
103997,Joita,gr,JOITA
104047,Letca Noua,gr,LETCA NOUA
104083,Luica,cl,LUICA
104118,Mihai Bravu,gr,MIHAI BRAVU
104136,Oras Mihailesti,gr,ORAS MIHAILESTI
104181,Manastirea,cl,MANASTIREA
104225,Marsa,gr,MARSA
104243,Moara Vlasiei,if,MOARA VLASIEI
104270,Movilita,il,MOVILITA
104323,Nana,cl,NANA
104341,Nicolae Balcescu,cl,NICOLAE BALCESCU
104387,Niculesti,db,NICULESTI
104421,Nuci,if,NUCI
104485,Ogrezeni,gr,OGREZENI
104519,Oinacu,gr,OINACU
104546,Peris,if,PERIS
104582,Petrachioaia,if,PETRACHIOAIA
104635,Plataresti,cl,PLATARESTI
104680,Prundu,gr,PRUNDU
104715,Putineiu,gr,PUTINEIU
104751,Radovanu,cl,RADOVANU
104788,Rasuceni,gr,RASUCENI
104831,Roata De Jos,gr,ROATA DE JOS
104886,Sarulesti,cl,SARULESTI
104975,Schitu,gr,SCHITU
105026,Sinesti,il,SINESTI
105106,Singureni,gr,SINGURENI
105142,Slobozia Moara,db,SLOBOZIA MOARA
105160,Snagov,if,SNAGOV
105222,Sohatu,cl,SOHATU
105259,Spantov,cl,SPANTOV
105295,Stanesti,gr,STANESTI
105348,Stoenesti,gr,STOENESTI
105384,Soldanu,cl,SOLDANU
105419,Stefanestii De Jos,if,STEFANESTII DE JOS
105455,Tamadau Mare,cl,TAMADAU MARE
105534,Tartasesti,db,TARTASESTI
105570,Tunari,if,TUNARI
105605,Ulmeni,cl,ULMENI
105623,Ulmi,gr,ULMI
105712,Valea Argovei,cl,VALEA ARGOVEI
105776,Valea Dragului,gr,VALEA DRAGULUI
105794,Valea Macrisului,il,VALEA MACRISULUI
105829,Vasilati,cl,VASILATI
105874,Varasti,gr,VARASTI
105909,Vedea,gr,VEDEA
105936,Vidra,if,VIDRA
105972,Vanatorii Mici,gr,VANATORII MICI
106318,Municipiul Baia Mare,mm,MUNICIPIUL BAIA MARE
106363,Grosi,mm,GROSI
106407,Recea,mm,RECEA
106461,Oras Tautii-Magheraus,mm,ORAS TAUTII-MAGHERAUS
106559,Municipiul Sighetu Marmatiei,mm,MUNICIPIUL SIGHETU MARMATIEI
106620,Sarasau,mm,SARASAU
106648,Vadu Izei,mm,VADU IZEI
106684,Oras Baia Sprie,mm,ORAS BAIA SPRIE
106746,Oras Borsa,mm,ORAS BORSA
106782,Oras Cavnic,mm,ORAS CAVNIC
106817,Oras Targu Lapus,mm,ORAS TARGU LAPUS
106979,Oras Viseu De Sus,mm,ORAS VISEU DE SUS
107001,Ardusat,mm,ARDUSAT
107047,Arinis,mm,ARINIS
107083,Asuaju De Sus,mm,ASUAJU DE SUS
107118,Baita De Sub Codru,mm,BAITA DE SUB CODRU
107154,Baiut,mm,BAIUT
107190,Basesti,mm,BASESTI
107234,Bicaz,mm,BICAZ
107270,Bistra,mm,BISTRA
107314,Barsana,mm,BARSANA
107350,Bocicoiu Mare,mm,BOCICOIU MARE
107403,Bogdan Voda,mm,BOGDAN VODA
107430,Boiu Mare,mm,BOIU MARE
107485,Botiza,mm,BOTIZA
107519,Budesti,mm,BUDESTI
107546,Calinesti,mm,CALINESTI
107582,Cernesti,mm,CERNESTI
107662,Cicarlau,mm,CICARLAU
107715,Campulung La Tisa,mm,CAMPULUNG LA TISA
107733,Copalnic-Manastur,mm,COPALNIC-MANASTUR
107868,Coroieni,mm,COROIENI
107920,Cupseni,mm,CUPSENI
107975,Desesti,mm,DESESTI
108017,Oras Dragomiresti,mm,ORAS DRAGOMIRESTI
108035,Dumbravita,mm,DUMBRAVITA
108106,Farcasa,mm,FARCASA
108151,Giulesti,mm,GIULESTI
108204,Ieud,mm,IEUD
108222,Lapus,mm,LAPUS
108240,Leordina,mm,LEORDINA
108268,Miresu Mare,mm,MIRESU MARE
108348,Moisei,mm,MOISEI
108366,Oarta De Jos,mm,OARTA DE JOS
108400,Ocna Sugatag,mm,OCNA SUGATAG
108455,Petrova,mm,PETROVA
108473,Poienile De Sub Munte,mm,POIENILE DE SUB MUNTE
108491,Remetea Chioarului,mm,REMETEA CHIOARULUI
108552,Remeti,mm,REMETI
108598,Repedea,mm,REPEDEA
108614,Rona De Jos,mm,RONA DE JOS
108632,Rona De Sus,mm,RONA DE SUS
108669,Rozavlea,mm,ROZAVLEA
108696,Ruscova,mm,RUSCOVA
108712,Satulung,mm,SATULUNG
108794,Sacalaseni,mm,SACALASENI
108874,Sacel,mm,SACEL
108892,Oras Salistea De Sus,mm,ORAS SALISTEA DE SUS
108918,Salsig,mm,SALSIG
108945,Sapanta,mm,SAPANTA
108963,Oras Seini,mm,ORAS SEINI
109005,Stramtura,mm,STRAMTURA
109041,Suciu De Sus,mm,SUCIU DE SUS
109096,Sisesti,mm,SISESTI
109176,Oras Somcuta Mare,mm,ORAS SOMCUTA MARE
109265,Oras Ulmeni,mm,ORAS ULMENI
109354,Valea Chioarului,mm,VALEA CHIOARULUI
109425,Vima Mica,mm,VIMA MICA
109504,Viseu De Jos,mm,VISEU DE JOS
109773,Municipiul Drobeta-Turnu Severin,mh,MUNICIPIUL DROBETA-TURNU SEVERIN
109826,Simian,mh,SIMIAN
109924,Oras Baia De Arama,mh,ORAS BAIA DE ARAMA
110027,Obarsia-Closani,mh,OBARSIA-CLOSANI
110063,Municipiul Orsova,mh,MUNICIPIUL ORSOVA
110116,Oras Strehaia,mh,ORAS STREHAIA
110232,Oras Vanju Mare,mh,ORAS VANJU MARE
110296,Bala,mh,BALA
110456,Balta,mh,BALTA
110535,Balacita,mh,BALACITA
110571,Bacles,mh,BACLES
110688,Balvanesti,mh,BALVANESTI
110740,Breznita-Motru,mh,BREZNITA-MOTRU
110820,Breznita-Ocol,mh,BREZNITA-OCOL
110875,Brosteni,mh,BROSTENI
110946,Burila Mare,mh,BURILA MARE
111006,Butoiesti,mh,BUTOIESTI
111097,Cazanesti,mh,CAZANESTI
111220,Ciresu,mh,CIRESU
111275,Corcova,mh,CORCOVA
111417,Corlatel,mh,CORLATEL
111444,Cujmir,mh,CUJMIR
111480,Devesel,mh,DEVESEL
111550,Darvari,mh,DARVARI
111587,Dumbrava,mh,DUMBRAVA
111685,Floresti,mh,FLORESTI
111783,Garla Mare,mh,GARLA MARE
111818,Godeanu,mh,GODEANU
111863,Gogosu,mh,GOGOSU
111916,Greci,mh,GRECI
111989,Grozesti,mh,GROZESTI
112030,Gruia,mh,GRUIA
112076,Hinova,mh,HINOVA
112129,Husnicioara,mh,HUSNICIOARA
112245,Eselnita,mh,ESELNITA
112263,Ilovat,mh,ILOVAT
112334,Ilovita,mh,ILOVITA
112370,Isverna,mh,ISVERNA
112469,Izvoru Barzii,mh,IZVORU BARZII
112548,Jiana,mh,JIANA
112600,Livezile,mh,LIVEZILE
112664,Malovat,mh,MALOVAT
112744,Obarsia De Camp,mh,OBARSIA DE CAMP
112771,Oprisor,mh,OPRISOR
112806,Padina,mh,PADINA
112879,Patulele,mh,PATULELE
112904,Dubova,mh,DUBOVA
112959,Podeni,mh,PODENI
112995,Ponoarele,mh,PONOARELE
113153,Poroina Mare,mh,POROINA MARE
113206,Pristol,mh,PRISTOL
113233,Prunisor,mh,PRUNISOR
113395,Punghina,mh,PUNGHINA
113466,Rogova,mh,ROGOVA
113493,Salcia,mh,SALCIA
113518,Stangaceaua,mh,STANGACEAUA
113607,Svinita,mh,SVINITA
113625,Sisesti,mh,SISESTI
113698,Sovarna,mh,SOVARNA
113732,Tamna,mh,TAMNA
113849,Vanatori,mh,VANATORI
113894,Vanjulet,mh,VANJULET
113929,Vladaia,mh,VLADAIA
113974,Voloiac,mh,VOLOIAC
114060,Branistea,mh,BRANISTEA
114079,Vrata,mh,VRATA
114319,Municipiul Targu Mures,ms,MUNICIPIUL TARGU MURES
114355,Cristesti,ms,CRISTESTI
114382,Sancraiu De Mures,ms,SANCRAIU DE MURES
114417,Sangeorgiu De Mures,ms,SANGEORGIU DE MURES
114453,Santana De Mures,ms,SANTANA DE MURES
114514,Municipiul Sighisoara,ms,MUNICIPIUL SIGHISOARA
114603,Albesti,ms,ALBESTI
114710,Oras Ludus,ms,ORAS LUDUS
114809,Municipiul Reghin,ms,MUNICIPIUL REGHIN
114854,Oras Sovata,ms,ORAS SOVATA
114925,Municipiul Tarnaveni,ms,MUNICIPIUL TARNAVENI
114970,Acatari,ms,ACATARI
115076,Adamus,ms,ADAMUS
115147,Alunis,ms,ALUNIS
115183,Apold,ms,APOLD
115236,Atintis,ms,ATINTIS
115307,Bahnea,ms,BAHNEA
115389,Band,ms,BAND
115520,Batos,ms,BATOS
115575,Bagaciu,ms,BAGACIU
115600,Bala,ms,BALA
115637,Balauseri,ms,BALAUSERI
115708,Beica De Jos,ms,BEICA DE JOS
115771,Bichis,ms,BICHIS
115824,Bogata,ms,BOGATA
115851,Breaza,ms,BREAZA
115897,Brancovenesti,ms,BRANCOVENESTI
115959,Ceuasu De Campie,ms,CEUASU DE CAMPIE
116046,Chetani,ms,CHETANI
116126,Chiheru De Jos,ms,CHIHERU DE JOS
116171,Coroisanmartin,ms,COROISANMARTIN
116224,Cozma,ms,COZMA
116288,Craciunesti,ms,CRACIUNESTI
116340,Craiesti,ms,CRAIESTI
116395,Cucerdea,ms,CUCERDEA
116439,Cuci,ms,CUCI
116493,Danes,ms,DANES
116545,Deda,ms,DEDA
116590,Eremitu,ms,EREMITU
116652,Ernei,ms,ERNEI
116723,Faragau,ms,FARAGAU
116796,Fantanele,ms,FANTANELE
116867,Galesti,ms,GALESTI
116938,Ganesti,ms,GANESTI
116983,Gheorghe Doja,ms,GHEORGHE DOJA
117042,Ghindari,ms,GHINDARI
117113,Glodeni,ms,GLODENI
117177,Gornesti,ms,GORNESTI
117275,Grebenisu De Campie,ms,GREBENISU DE CAMPIE
117319,Gurghiu,ms,GURGHIU
117426,Hodac,ms,HODAC
117505,Hodosa,ms,HODOSA
117550,Ibanesti,ms,IBANESTI
117667,Iclanzel,ms,ICLANZEL
117783,Ideciu De Jos,ms,IDECIU DE JOS
117827,Oras Iernut,ms,ORAS IERNUT
117925,Livezeni,ms,LIVEZENI
117998,Lunca,ms,LUNCA
118058,Lunca Bradului,ms,LUNCA BRADULUI
118094,Magherani,ms,MAGHERANI
118209,Mica,ms,MICA
118281,Oras Miercurea Nirajului,ms,ORAS MIERCUREA NIRAJULUI
118370,Mihesu De Campie,ms,MIHESU DE CAMPIE
118469,Nades,ms,NADES
118511,Neaua,ms,NEAUA
118575,Ogra,ms,OGRA
118637,Papiu Ilarian,ms,PAPIU ILARIAN
118691,Panet,ms,PANET
118753,Pasareni,ms,PASARENI
118799,Petelea,ms,PETELEA
118824,Pogaceaua,ms,POGACEAUA
118931,Rastolita,ms,RASTOLITA
118995,Raciu,ms,RACIU
119153,Rusii-Munti,ms,RUSII-MUNTI
119206,Saschiz,ms,SASCHIZ
119242,Oras Sarmasu,ms,ORAS SARMASU
119331,Oras Sangeorgiu De Padure,ms,ORAS SANGEORGIU DE PADURE
119386,Sanger,ms,SANGER
119466,Sanpaul,ms,SANPAUL
119527,Sanpetru De Campie,ms,SANPETRU DE CAMPIE
119590,Solovastru,ms,SOLOVASTRU
119625,Stanceni,ms,STANCENI
119661,Suplac,ms,SUPLAC
119723,Suseni,ms,SUSENI
119750,Saulia,ms,SAULIA
119803,Sincai,ms,SINCAI
119858,Taureni,ms,TAURENI
119894,Oras Ungheni,ms,ORAS UNGHENI
119974,Valea Larga,ms,VALEA LARGA
120076,Vargata,ms,VARGATA
120138,Vatava,ms,VATAVA
120174,Vetca,ms,VETCA
120218,Viisoara,ms,VIISOARA
120254,Vanatori,ms,VANATORI
120316,Voivodeni,ms,VOIVODENI
120343,Zagar,ms,ZAGAR
120370,Zau De Campie,ms,ZAU DE CAMPIE
120478,Chibed,ms,CHIBED
120487,Corunca,ms,CORUNCA
120496,Sarateni,ms,SARATENI
120502,Madaras,ms,MADARAS
120511,Bereni,ms,BERENI
120726,Municipiul Piatra-Neamt,nt,MUNICIPIUL PIATRA-NEAMT
120771,Dumbrava Rosie,nt,DUMBRAVA ROSIE
120824,Savinesti,nt,SAVINESTI
120860,Municipiul Roman,nt,MUNICIPIUL ROMAN
120888,Cordun,nt,CORDUN
120922,Horia,nt,HORIA
120968,Oras Bicaz,nt,ORAS BICAZ
121055,Oras Targu Neamt,nt,ORAS TARGU NEAMT
121108,Agapia,nt,AGAPIA
121153,Bahna,nt,BAHNA
121242,Baltatesti,nt,BALTATESTI
121297,Bicaz-Chei,nt,BICAZ-CHEI
121340,Bicazu Ardelean,nt,BICAZU ARDELEAN
121386,Bira,nt,BIRA
121466,Bargauani,nt,BARGAUANI
121607,Bodesti,nt,BODESTI
121652,Borca,nt,BORCA
121732,Borlesti,nt,BORLESTI
121796,Botesti,nt,BOTESTI
121876,Bozieni,nt,BOZIENI
121938,Brusturi,nt,BRUSTURI
122025,Ceahlau,nt,CEAHLAU
122061,Candesti,nt,CANDESTI
122132,Costisa,nt,COSTISA
122187,Cracaoani,nt,CRACAOANI
122249,Damuc,nt,DAMUC
122285,Dobreni,nt,DOBRENI
122347,Doljesti,nt,DOLJESTI
122392,Dragomiresti,nt,DRAGOMIRESTI
122463,Dulcesti,nt,DULCESTI
122551,Farcasa,nt,FARCASA
122613,Faurei,nt,FAUREI
122668,Gheraesti,nt,GHERAESTI
122702,Girov,nt,GIROV
122828,Garcina,nt,GARCINA
122864,Grinties,nt,GRINTIES
122908,Grumazesti,nt,GRUMAZESTI
122953,Hangu,nt,HANGU
123013,Icusesti,nt,ICUSESTI
123102,Ion Creanga,nt,ION CREANGA
123175,Margineni,nt,MARGINENI
123228,Moldoveni,nt,MOLDOVENI
123255,Oniceni,nt,ONICENI
123371,Pastraveni,nt,PASTRAVENI
123424,Petricani,nt,PETRICANI
123479,Piatra Soimului,nt,PIATRA SOIMULUI
123521,Pipirig,nt,PIPIRIG
123601,Pangarati,nt,PANGARATI
123674,Podoleni,nt,PODOLENI
123709,Poienari,nt,POIENARI
123790,Poiana Teiului,nt,POIANA TEIULUI
123914,Raucesti,nt,RAUCESTI
123969,Razboieni,nt,RAZBOIENI
124028,Rediu,nt,REDIU
124073,Romani,nt,ROMANI
124117,Oras Roznov,nt,ORAS ROZNOV
124153,Sagna,nt,SAGNA
124206,Sabaoani,nt,SABAOANI
124233,Secuieni,nt,SECUIENI
124331,Stanita,nt,STANITA
124411,Stefan Cel Mare,nt,STEFAN CEL MARE
124493,Tarcau,nt,TARCAU
124563,Tasca,nt,TASCA
124616,Tazlau,nt,TAZLAU
124634,Tamaseni,nt,TAMASENI
124661,Timisesti,nt,TIMISESTI
124723,Trifesti,nt,TRIFESTI
124750,Tupilati,nt,TUPILATI
124803,Tibucani,nt,TIBUCANI
124849,Urecheni,nt,URECHENI
124885,Valea Ursului,nt,VALEA URSULUI
124938,Alexandru Cel Bun,nt,ALEXANDRU CEL BUN
125016,Vanatori-Neamt,nt,VANATORI-NEAMT
125061,Zanesti,nt,ZANESTI
125098,Dochia,nt,DOCHIA
125105,Ruginoasa,nt,RUGINOASA
125114,Ghindaoani,nt,GHINDAOANI
125123,Valeni,nt,VALENI
125132,Draganesti,nt,DRAGANESTI
125141,Pancesti,nt,PANCESTI
125150,Gadinti,nt,GADINTI
125169,Negresti,nt,NEGRESTI
125178,Boghicea,nt,BOGHICEA
125347,Municipiul Slatina,ot,MUNICIPIUL SLATINA
125374,Slatioara,ot,SLATIOARA
125418,Oras Bals,ot,ORAS BALS
125472,Municipiul Caracal,ot,MUNICIPIUL CARACAL
125490,Draghiceni,ot,DRAGHICENI
125542,Oras Corabia,ot,ORAS CORABIA
125588,Garcov,ot,GARCOV
125622,Oras Draganesti-Olt,ot,ORAS DRAGANESTI-OLT
125659,Babiciu,ot,BABICIU
125677,Baldovinesti,ot,BALDOVINESTI
125757,Barasti,ot,BARASTI
125846,Barza,ot,BARZA
125873,Bobicesti,ot,BOBICESTI
125962,Brastavatu,ot,BRASTAVATU
125999,Brebeni,ot,BREBENI
126022,Brancoveni,ot,BRANCOVENI
126077,Bucinisu,ot,BUCINISU
126102,Cezieni,ot,CEZIENI
126148,Cilieni,ot,CILIENI
126166,Carlogani,ot,CARLOGANI
126228,Colonesti,ot,COLONESTI
126326,Corbu,ot,CORBU
126380,Coteana,ot,COTEANA
126406,Crampoia,ot,CRAMPOIA
126433,Curtisoara,ot,CURTISOARA
126503,Cungrea,ot,CUNGREA
126585,Daneasa,ot,DANEASA
126647,Deveselu,ot,DEVESELU
126674,Dobretu,ot,DOBRETU
126718,Dobrosloveni,ot,DOBROSLOVENI
126772,Dobroteasa,ot,DOBROTEASA
126825,Dobrun,ot,DOBRUN
126905,Fagetelu,ot,FAGETELU
126978,Falcoiu,ot,FALCOIU
127019,Farcasele,ot,FARCASELE
127064,Ganeasa,ot,GANEASA
127126,Giuvarasti,ot,GIUVARASTI
127144,Gostavatu,ot,GOSTAVATU
127171,Gradinari,ot,GRADINARI
127224,Grojdibodu,ot,GROJDIBODU
127251,Ianca,ot,IANCA
127288,Iancu Jianu,ot,IANCU JIANU
127322,Icoana,ot,ICOANA
127368,Izbiceni,ot,IZBICENI
127386,Izvoarele,ot,IZVOARELE
127411,Leleasca,ot,LELEASCA
127493,Maruntei,ot,MARUNTEI
127536,Mihaesti,ot,MIHAESTI
127563,Milcov,ot,MILCOV
127625,Morunglav,ot,MORUNGLAV
127689,Movileni,ot,MOVILENI
127714,Nicolae Titulescu,ot,NICOLAE TITULESCU
127750,Obarsia,ot,OBARSIA
127812,Oboga,ot,OBOGA
127858,Oporelu,ot,OPORELU
127901,Optasi-Magura,ot,OPTASI-MAGURA
127938,Orlea,ot,ORLEA
127983,Osica De Sus,ot,OSICA DE SUS
128052,Perieti,ot,PERIETI
128105,Oras Piatra-Olt,ot,ORAS PIATRA-OLT
128178,Parscoveni,ot,PARSCOVENI
128221,Plesoiu,ot,PLESOIU
128301,Poboru,ot,POBORU
128374,Oras Potcoava,ot,ORAS POTCOAVA
128436,Priseaca,ot,PRISEACA
128472,Radomiresti,ot,RADOMIRESTI
128524,Redea,ot,REDEA
128560,Rotunda,ot,ROTUNDA
128588,Rusanesti,ot,RUSANESTI
128613,Scarisoara,ot,SCARISOARA
128659,Schitu,ot,SCHITU
128711,Oras Scornicesti,ot,ORAS SCORNICESTI
128864,Seaca,ot,SEACA
128882,Samburesti,ot,SAMBURESTI
128962,Spineni,ot,SPINENI
129040,Sprancenata,ot,SPRANCENATA
129095,Stoenesti,ot,STOENESTI
129111,Stoicanesti,ot,STOICANESTI
129139,Strejesti,ot,STREJESTI
129184,Studina,ot,STUDINA
129246,Serbanesti,ot,SERBANESTI
129282,Stefan Cel Mare,ot,STEFAN CEL MARE
129317,Tatulesti,ot,TATULESTI
129380,Teslui,ot,TESLUI
129460,Tia Mare,ot,TIA MARE
129503,Topana,ot,TOPANA
129567,Traian,ot,TRAIAN
129585,Tufeni,ot,TUFENI
129629,Urzica,ot,URZICA
129656,Valea Mare,ot,VALEA MARE
129718,Vadastra,ot,VADASTRA
129745,Vadastrita,ot,VADASTRITA
129763,Valeni,ot,VALENI
129816,Verguleasa,ot,VERGULEASA
129898,Visina,ot,VISINA
129914,Vitomiresti,ot,VITOMIRESTI
129987,Valcele,ot,VALCELE
130026,Vladila,ot,VLADILA
130062,Voineasa,ot,VOINEASA
130124,Vulpeni,ot,VULPENI
130231,Vulturesti,ot,VULTURESTI
130286,Balteni,ot,BALTENI
130295,Calui,ot,CALUI
130302,Gavanesti,ot,GAVANESTI
130311,Ghimpeteni,ot,GHIMPETENI
130320,Gradinile,ot,GRADINILE
130339,Gura Padinii,ot,GURA PADINII
130348,Ipotesti,ot,IPOTESTI
130357,Osica De Jos,ot,OSICA DE JOS
130366,Sarbii - Magura,ot,SARBII - MAGURA
130375,Visina Noua,ot,VISINA NOUA
130384,Soparlita,ot,SOPARLITA
130534,Municipiul Ploiesti,ph,MUNICIPIUL PLOIESTI
130552,Barcanesti,ph,BARCANESTI
130614,Berceni,ph,BERCENI
130678,Blejoi,ph,BLEJOI
130712,Brazi,ph,BRAZI
130785,Bucov,ph,BUCOV
130847,Paulesti,ph,PAULESTI
130892,Targsoru Vechi,ph,TARGSORU VECHI
130954,Oras Azuga,ph,ORAS AZUGA
130981,Oras Baicoi,ph,ORAS BAICOI
131069,Oras Boldesti-Scaeni,ph,ORAS BOLDESTI-SCAENI
131103,Oras Breaza,ph,ORAS BREAZA
131210,Oras Busteni,ph,ORAS BUSTENI
131256,Municipiul Campina,ph,MUNICIPIUL CAMPINA
131274,Poiana Campina,ph,POIANA CAMPINA
131336,Oras Comarnic,ph,ORAS COMARNIC
131407,Oras Mizil,ph,ORAS MIZIL
131443,Oras Plopeni,ph,ORAS PLOPENI
131461,Dumbravesti,ph,DUMBRAVESTI
131540,Oras Sinaia,ph,ORAS SINAIA
131577,Oras Slanic,ph,ORAS SLANIC
131620,Oras Urlati,ph,ORAS URLATI
131817,Oras Valenii De Munte,ph,ORAS VALENII DE MUNTE
131835,Gura Vitioarei,ph,GURA VITIOAREI
131899,Adunati,ph,ADUNATI
131933,Albesti-Paleologu,ph,ALBESTI-PALEOLOGU
131988,Alunis,ph,ALUNIS
132011,Apostolache,ph,APOSTOLACHE
132075,Aricestii Rahtivani,ph,ARICESTII RAHTIVANI
132137,Aricestii Zeletin,ph,ARICESTII ZELETIN
132164,Baba Ana,ph,BABA ANA
132226,Balta Doamnei,ph,BALTA DOAMNEI
132271,Baltesti,ph,BALTESTI
132315,Banesti,ph,BANESTI
132342,Bertea,ph,BERTEA
132379,Boldesti-Gradistea,ph,BOLDESTI-GRADISTEA
132404,Brebu,ph,BREBU
132459,Calugareni,ph,CALUGARENI
132486,Carbunesti,ph,CARBUNESTI
132510,Ceptura,ph,CEPTURA
132574,Cerasu,ph,CERASU
132645,Chiojdeanca,ph,CHIOJDEANCA
132681,Ciorani,ph,CIORANI
132716,Cocorastii Mislii,ph,COCORASTII MISLII
132752,Colceag,ph,COLCEAG
132805,Cornu,ph,CORNU
132841,Cosminele,ph,COSMINELE
132896,Drajna,ph,DRAJNA
133018,Draganesti,ph,DRAGANESTI
133090,Dumbrava,ph,DUMBRAVA
133161,Filipestii De Padure,ph,FILIPESTII DE PADURE
133214,Filipestii De Targ,ph,FILIPESTII DE TARG
133278,Fantanele,ph,FANTANELE
133330,Floresti,ph,FLORESTI
133394,Fulga,ph,FULGA
133429,Gherghita,ph,GHERGHITA
133508,Gorgota,ph,GORGOTA
133562,Gornet,ph,GORNET
133615,Gornet-Cricov,ph,GORNET-CRICOV
133688,Gura Vadului,ph,GURA VADULUI
133722,Iordacheanu,ph,IORDACHEANU
133795,Izvoarele,ph,IZVOARELE
133866,Jugureni,ph,JUGURENI
133919,Lapos,ph,LAPOS
133964,Lipanesti,ph,LIPANESTI
134014,Magurele,ph,MAGURELE
134050,Magureni,ph,MAGURENI
134096,Maneciu,ph,MANECIU
134194,Manesti,ph,MANESTI
134336,Pacureti,ph,PACURETI
134390,Plopu,ph,PLOPU
134443,Podenii Noi,ph,PODENII NOI
134559,Poienarii Burchii,ph,POIENARII BURCHII
134648,Posesti,ph,POSESTI
134755,Predeal-Sarari,ph,PREDEAL-SARARI
134853,Provita De Jos,ph,PROVITA DE JOS
134899,Provita De Sus,ph,PROVITA DE SUS
134942,Puchenii Mari,ph,PUCHENII MARI
135020,Rafov,ph,RAFOV
135128,Salcia,ph,SALCIA
135146,Salciile,ph,SALCIILE
135164,Scorteni,ph,SCORTENI
135226,Secaria,ph,SECARIA
135244,Sangeru,ph,SANGERU
135315,Starchiojd,ph,STARCHIOJD
135404,Surani,ph,SURANI
135431,Sirna,ph,SIRNA
135501,Soimari,ph,SOIMARI
135547,Sotrile,ph,SOTRILE
135618,Stefesti,ph,STEFESTI
135654,Talea,ph,TALEA
135681,Tataru,ph,TATARU
135725,Teisani,ph,TEISANI
135789,Telega,ph,TELEGA
135850,Tinosu,ph,TINOSU
135896,Tomsani,ph,TOMSANI
135949,Valea Calugareasca,ph,VALEA CALUGAREASCA
136107,Valea Doftanei,ph,VALEA DOFTANEI
136134,Varbilau,ph,VARBILAU
136198,Valcanesti,ph,VALCANESTI
136241,Cocorastii Colt,ph,COCORASTII COLT
136250,Olari,ph,OLARI
136269,Vadu Sapat,ph,VADU SAPAT
136278,Batrani,ph,BATRANI
136483,Municipiul Satu Mare,sm,MUNICIPIUL SATU MARE
136526,Municipiul Carei,sm,MUNICIPIUL CAREI
136553,Capleni,sm,CAPLENI
136599,Oras Negresti-Oas,sm,ORAS NEGRESTI-OAS
136642,Oras Tasnad,sm,ORAS TASNAD
136713,Acas,sm,ACAS
136768,Andrid,sm,ANDRID
136802,Apa,sm,APA
136848,Oras Ardud,sm,ORAS ARDUD
136919,Batarci,sm,BATARCI
136964,Beltiug,sm,BELTIUG
137032,Berveni,sm,BERVENI
137069,Bixad,sm,BIXAD
137103,Barsau,sm,BARSAU
137130,Bogdand,sm,BOGDAND
137185,Botiz,sm,BOTIZ
137229,Calinesti-Oas,sm,CALINESTI-OAS
137274,Camarzana,sm,CAMARZANA
137292,Cauas,sm,CAUAS
137363,Cehal,sm,CEHAL
137407,Certeze,sm,CERTEZE
137443,Craidorolt,sm,CRAIDOROLT
137504,Crucisor,sm,CRUCISOR
137540,Culciu,sm,CULCIU
137611,Doba,sm,DOBA
137675,Dorolt,sm,DOROLT
137728,Foieni,sm,FOIENI
137746,Gherta Mica,sm,GHERTA MICA
137764,Halmeu,sm,HALMEU
137844,Hodod,sm,HODOD
137899,Homoroade,sm,HOMOROADE
137960,Lazuri,sm,LAZURI
138039,Oras Livada,sm,ORAS LIVADA
138084,Mediesu Aurit,sm,MEDIESU AURIT
138164,Micula,sm,MICULA
138208,Moftin,sm,MOFTIN
138280,Odoreu,sm,ODOREU
138351,Orasu Nou,sm,ORASU NOU
138431,Paulesti,sm,PAULESTI
138501,Petresti,sm,PETRESTI
138538,Pir,sm,PIR
138574,Piscolt,sm,PISCOLT
138618,Pomi,sm,POMI
138663,Sanislau,sm,SANISLAU
138734,Santau,sm,SANTAU
138770,Sacaseni,sm,SACASENI
138805,Sauca,sm,SAUCA
138869,Socond,sm,SOCOND
138921,Supur,sm,SUPUR
139009,Tarna Mare,sm,TARNA MARE
139054,Terebesti,sm,TEREBESTI
139107,Tiream,sm,TIREAM
139143,Tarsolt,sm,TARSOLT
139170,Turt,sm,TURT
139214,Turulung,sm,TURULUNG
139250,Urziceni,sm,URZICENI
139287,Valea Vinului,sm,VALEA VINULUI
139330,Vama,sm,VAMA
139358,Vetis,sm,VETIS
139394,Viile Satu Mare,sm,VIILE SATU MARE
139704,Municipiul Zalau,sj,MUNICIPIUL ZALAU
139740,Oras Cehu Silvaniei,sj,ORAS CEHU SILVANIEI
139811,Oras Jibou,sj,ORAS JIBOU
139884,Oras Simleu Silvaniei,sj,ORAS SIMLEU SILVANIEI
139937,Agrij,sj,AGRIJ
139982,Almasu,sj,ALMASU
140084,Babeni,sj,BABENI
140146,Balan,sj,BALAN
140208,Banisor,sj,BANISOR
140244,Benesat,sj,BENESAT
140280,Bobota,sj,BOBOTA
140324,Bocsa,sj,BOCSA
140379,Buciumi,sj,BUCIUMI
140440,Camar,sj,CAMAR
140477,Carastelec,sj,CARASTELEC
140501,Chiesd,sj,CHIESD
140547,Cizer,sj,CIZER
140583,Coseiu,sj,COSEIU
140627,Crasna,sj,CRASNA
140672,Creaca,sj,CREACA
140770,Cristolt,sj,CRISTOLT
140823,Criseni,sj,CRISENI
140869,Cuzaplac,sj,CUZAPLAC
140958,Dobrin,sj,DOBRIN
141027,Dragu,sj,DRAGU
141081,Fildu De Jos,sj,FILDU DE JOS
141134,Galgau,sj,GALGAU
141232,Garbou,sj,GARBOU
141312,Halmasd,sj,HALMASD
141376,Hereclean,sj,HERECLEAN
141447,Hida,sj,HIDA
141535,Horoatu Crasnei,sj,HOROATU CRASNEI
141580,Ileanda,sj,ILEANDA
141722,Ip,sj,IP
141786,Letca,sj,LETCA
141884,Lozna,sj,LOZNA
141946,Marca,sj,MARCA
142006,Maeriste,sj,MAERISTE
142079,Mesesenii De Jos,sj,MESESENII DE JOS
142122,Mirsid,sj,MIRSID
142177,Napradea,sj,NAPRADEA
142239,Nusfalau,sj,NUSFALAU
142284,Pericei,sj,PERICEI
142337,Plopis,sj,PLOPIS
142373,Poiana Blenchii,sj,POIANA BLENCHII
142426,Romanasi,sj,ROMANASI
142499,Rus,sj,RUS
142550,Salatig,sj,SALATIG
142612,Sag,sj,SAG
142676,Sanmihaiu Almasului,sj,SANMIHAIU ALMASULUI
142710,Somes-Odorhei,sj,SOMES-ODORHEI
142774,Surduc,sj,SURDUC
142854,Samsud,sj,SAMSUD
142881,Sarmasag,sj,SARMASAG
142952,Valcau De Jos,sj,VALCAU DE JOS
143021,Varsolt,sj,VARSOLT
143067,Zalha,sj,ZALHA
143147,Zimbor,sj,ZIMBOR
143450,Municipiul Sibiu,sb,MUNICIPIUL SIBIU
143487,Cristian,sb,CRISTIAN
143502,Poplaca,sb,POPLACA
143520,Rasinari,sb,RASINARI
143557,Selimbar,sb,SELIMBAR
143619,Municipiul Medias,sb,MUNICIPIUL MEDIAS
143646,Tarnava,sb,TARNAVA
143682,Oras Agnita,sb,ORAS AGNITA
143735,Oras Cisnadie,sb,ORAS CISNADIE
143771,Oras Copsa Mica,sb,ORAS COPSA MICA
143806,Oras Dumbraveni,sb,ORAS DUMBRAVENI
143851,Oras Ocna Sibiului,sb,ORAS OCNA SIBIULUI
143888,Altina,sb,ALTINA
143922,Apoldu De Jos,sb,APOLDU DE JOS
143959,Arpasu De Jos,sb,ARPASU DE JOS
143995,Atel,sb,ATEL
144054,Oras Avrig,sb,ORAS AVRIG
144116,Axente Sever,sb,AXENTE SEVER
144152,Bazna,sb,BAZNA
144198,Biertan,sb,BIERTAN
144232,Barghis,sb,BARGHIS
144303,Blajel,sb,BLAJEL
144349,Brateiu,sb,BRATEIU
144376,Bradeni,sb,BRADENI
144410,Bruiu,sb,BRUIU
144456,Chirpar,sb,CHIRPAR
144508,Carta,sb,CARTA
144535,Cartisoara,sb,CARTISOARA
144553,Darlos,sb,DARLOS
144599,Gura Raului,sb,GURA RAULUI
144615,Hoghilag,sb,HOGHILAG
144651,Iacobeni,sb,IACOBENI
144713,Jina,sb,JINA
144731,Laslea,sb,LASLEA
144795,Loamnes,sb,LOAMNES
144866,Ludos,sb,LUDOS
144893,Marpod,sb,MARPOD
144928,Oras Miercurea Sibiului,sb,ORAS MIERCUREA SIBIULUI
144964,Merghindeal,sb,MERGHINDEAL
144991,Micasasa,sb,MICASASA
145042,Mihaileni,sb,MIHAILENI
145104,Mosna,sb,MOSNA
145140,Nocrich,sb,NOCRICH
145202,Orlat,sb,ORLAT
145220,Pauca,sb,PAUCA
145275,Poiana Sibiului,sb,POIANA SIBIULUI
145293,Porumbacu De Jos,sb,PORUMBACU DE JOS
145355,Racovita,sb,RACOVITA
145382,Rau Sadului,sb,RAU SADULUI
145408,Rosia,sb,ROSIA
145471,Sadu,sb,SADU
145499,Oras Saliste,sb,ORAS SALISTE
145603,Slimnic,sb,SLIMNIC
145667,Seica Mare,sb,SEICA MARE
145738,Seica Mica,sb,SEICA MICA
145765,Sura Mare,sb,SURA MARE
145792,Sura Mica,sb,SURA MICA
145827,Oras Talmaciu,sb,ORAS TALMACIU
145907,Tilisca,sb,TILISCA
145934,Turnu Rosu,sb,TURNU ROSU
145961,Valea Viilor,sb,VALEA VIILOR
145998,Vurpar,sb,VURPAR
146012,Alma,sb,ALMA
146021,Boita,sb,BOITA
146263,Municipiul Suceava,sv,MUNICIPIUL SUCEAVA
146281,Ipotesti,sv,IPOTESTI
146325,Mitocu Dragomirnei,sv,MITOCU DRAGOMIRNEI
146370,Oras Salcea,sv,ORAS SALCEA
146432,Scheia,sv,SCHEIA
146502,Municipiul Campulung Moldovenesc,sv,MUNICIPIUL CAMPULUNG MOLDOVENESC
146539,Municipiul Falticeni,sv,MUNICIPIUL FALTICENI
146584,Oras Gura Humorului,sv,ORAS GURA HUMORULUI
146628,Municipiul Radauti,sv,MUNICIPIUL RADAUTI
146655,Oras Siret,sv,ORAS SIRET
146708,Oras Solca,sv,ORAS SOLCA
146744,Municipiul Vatra Dornei,sv,MUNICIPIUL VATRA DORNEI
146799,Adancata,sv,ADANCATA
146860,Arbore,sv,ARBORE
146904,Baia,sv,BAIA
146931,Oras Milisauti,sv,ORAS MILISAUTI
146995,Balcauti,sv,BALCAUTI
147036,Bilca,sv,BILCA
147054,Bogdanesti,sv,BOGDANESTI
147072,Boroaia,sv,BOROAIA
147134,Bosanci,sv,BOSANCI
147161,Botosana,sv,BOTOSANA
147205,Breaza,sv,BREAZA
147241,Brodina,sv,BRODINA
147358,Oras Brosteni,sv,ORAS BROSTENI
147465,Bunesti,sv,BUNESTI
147526,Cacica,sv,CACICA
147580,Calafindesti,sv,CALAFINDESTI
147633,Oras Cajvana,sv,ORAS CAJVANA
147660,Ilisesti,sv,ILISESTI
147713,Carlibaba,sv,CARLIBABA
147786,Cornu Luncii,sv,CORNU LUNCII
147884,Crucea,sv,CRUCEA
147937,Darmanesti,sv,DARMANESTI
148006,Oras Dolhasca,sv,ORAS DOLHASCA
148097,Dolhesti,sv,DOLHESTI
148131,Dorna-Arini,sv,DORNA-ARINI
148202,Dorna Candrenilor,sv,DORNA CANDRENILOR
148293,Dornesti,sv,DORNESTI
148328,Dragoiesti,sv,DRAGOIESTI
148382,Draguseni,sv,DRAGUSENI
148426,Dumbraveni,sv,DUMBRAVENI
148453,Fantanele,sv,FANTANELE
148514,Forasti,sv,FORASTI
148612,Oras Frasin,sv,ORAS FRASIN
148667,Fratautii Noi,sv,FRATAUTII NOI
148694,Fratautii Vechi,sv,FRATAUTII VECHI
148729,Frumosu,sv,FRUMOSU
148765,Fundu Moldovei,sv,FUNDU MOLDOVEI
148872,Galanesti,sv,GALANESTI
148916,Gramesti,sv,GRAMESTI
148970,Granicesti,sv,GRANICESTI
149049,Horodniceni,sv,HORODNICENI
149101,Horodnic De Jos,sv,HORODNIC DE JOS
149138,Iacobeni,sv,IACOBENI
149183,Izvoarele Sucevei,sv,IZVOARELE SUCEVEI
149227,Oras Liteni,sv,ORAS LITENI
149290,Marginea,sv,MARGINEA
149316,Malini,sv,MALINI
149370,Manastirea Humorului,sv,MANASTIREA HUMORULUI
149414,Moara,sv,MOARA
149502,Moldova-Sulita,sv,MOLDOVA-SULITA
149539,Moldovita,sv,MOLDOVITA
149584,Musenita,sv,MUSENITA
149655,Ostra,sv,OSTRA
149682,Panaci,sv,PANACI
149753,Paltinoasa,sv,PALTINOASA
149780,Partestii De Jos,sv,PARTESTII DE JOS
149833,Patrauti,sv,PATRAUTI
149851,Poiana Stampei,sv,POIANA STAMPEI
149931,Pojorata,sv,POJORATA
149968,Preutesti,sv,PREUTESTI
150043,Putna,sv,PUTNA
150070,Radaseni,sv,RADASENI
150114,Rasca,sv,RASCA
150178,Sadova,sv,SADOVA
150196,Satu Mare,sv,SATU MARE
150221,Siminicea,sv,SIMINICEA
150258,Slatina,sv,SLATINA
150294,Straja,sv,STRAJA
150310,Stroiesti,sv,STROIESTI
150356,Stulpicani,sv,STULPICANI
150418,Sucevita,sv,SUCEVITA
150445,Saru Dornei,sv,SARU DORNEI
150524,Todiresti,sv,TODIRESTI
150588,Udesti,sv,UDESTI
150702,Ulma,sv,ULMA
150766,Vadu Moldovei,sv,VADU MOLDOVEI
150891,Valea Moldovei,sv,VALEA MOLDOVEI
150935,Vama,sv,VAMA
150980,Vatra Moldovitei,sv,VATRA MOLDOVITEI
151022,Veresti,sv,VERESTI
151077,Vicovu De Jos,sv,VICOVU DE JOS
151095,Oras Vicovu De Sus,sv,ORAS VICOVU DE SUS
151120,Volovat,sv,VOLOVAT
151157,Vulturesti,sv,VULTURESTI
151246,Zamostea,sv,ZAMOSTEA
151344,Zvoristea,sv,ZVORISTEA
151433,Comanesti,sv,COMANESTI
151442,Iaslovat,sv,IASLOVAT
151451,Ciocanesti,sv,CIOCANESTI
151460,Serbauti,sv,SERBAUTI
151479,Horodnic De Sus,sv,HORODNIC DE SUS
151488,Fantana Mare,sv,FANTANA MARE
151497,Cosna,sv,COSNA
151503,Capu Campului,sv,CAPU CAMPULUI
151512,Hantesti,sv,HANTESTI
151521,Burla,sv,BURLA
151530,Balaceana,sv,BALACEANA
151549,Hartop,sv,HARTOP
151558,Voitinel,sv,VOITINEL
151567,Ciprian Porumbescu,sv,CIPRIAN PORUMBESCU
151576,Berchisesti,sv,BERCHISESTI
151585,Poieni-Solca,sv,POIENI-SOLCA
151683,Municipiul Turnu Magurele,tr,MUNICIPIUL TURNU MAGURELE
151709,Ciuperceni,tr,CIUPERCENI
151736,Islaz,tr,ISLAZ
151763,Lita,tr,LITA
151790,Municipiul Alexandria,tr,MUNICIPIUL ALEXANDRIA
151816,Nanov,tr,NANOV
151834,Poroschia,tr,POROSCHIA
151870,Municipiul Rosiori De Vede,tr,MUNICIPIUL ROSIORI DE VEDE
151905,Oras Videle,tr,ORAS VIDELE
151932,Crevenicu,tr,CREVENICU
151978,Oras Zimnicea,tr,ORAS ZIMNICEA
151996,Balaci,tr,BALACI
152038,Babaita,tr,BABAITA
152083,Blejesti,tr,BLEJESTI
152127,Bogdana,tr,BOGDANA
152172,Botoroaga,tr,BOTOROAGA
152234,Bragadiru,tr,BRAGADIRU
152252,Branceni,tr,BRANCENI
152270,Bujoreni,tr,BUJORENI
152314,Bujoru,tr,BUJORU
152332,Buzescu,tr,BUZESCU
152350,Calinesti,tr,CALINESTI
152412,Calmatuiu,tr,CALMATUIU
152467,Calmatuiu De Sus,tr,CALMATUIU DE SUS
152500,Cervenia,tr,CERVENIA
152528,Ciolanesti,tr,CIOLANESTI
152564,Contesti,tr,CONTESTI
152582,Cosmesti,tr,COSMESTI
152617,Crangeni,tr,CRANGENI
152662,Crangu,tr,CRANGU
152724,Didesti,tr,DIDESTI
152760,Dobrotesti,tr,DOBROTESTI
152797,Dracsenei,tr,DRACSENEI
152868,Draganesti De Vede,tr,DRAGANESTI DE VEDE
152902,Draganesti-Vlasca,tr,DRAGANESTI-VLASCA
152948,Furculesti,tr,FURCULESTI
152993,Frumoasa,tr,FRUMOASA
153026,Galateni,tr,GALATENI
153062,Gratia,tr,GRATIA
153106,Izvoarele,tr,IZVOARELE
153124,Lisa,tr,LISA
153151,Lunca,tr,LUNCA
153204,Mavrodin,tr,MAVRODIN
153240,Magura,tr,MAGURA
153277,Maldaeni,tr,MALDAENI
153295,Mereni,tr,MERENI
153339,Marzanesti,tr,MARZANESTI
153384,Mosteni,tr,MOSTENI
153400,Nasturelu,tr,NASTURELU
153437,Necsesti,tr,NECSESTI
153473,Olteni,tr,OLTENI
153507,Orbeasca,tr,ORBEASCA
153543,Peretu,tr,PERETU
153561,Piatra,tr,PIATRA
153589,Pietrosani,tr,PIETROSANI
153605,Plosca,tr,PLOSCA
153623,Plopii-Slavitesti,tr,PLOPII-SLAVITESTI
153696,Poeni,tr,POENI
153776,Vitanesti,tr,VITANESTI
153829,Putineiu,tr,PUTINEIU
153865,Radoiesti,tr,RADOIESTI
153909,Rasmiresti,tr,RASMIRESTI
153936,Salcia,tr,SALCIA
153972,Saceni,tr,SACENI
154013,Scrioastea,tr,SCRIOASTEA
154068,Scurtu Mare,tr,SCURTU MARE
154139,Seaca,tr,SEACA
154166,Sfintesti,tr,SFINTESTI
154184,Segarcea-Vale,tr,SEGARCEA-VALE
154228,Silistea,tr,SILISTEA
154282,Silistea-Gumesti,tr,SILISTEA-GUMESTI
154308,Sarbeni,tr,SARBENI
154344,Slobozia Mandra,tr,SLOBOZIA MANDRA
154380,Smardioasa,tr,SMARDIOASA
154415,Stejaru,tr,STEJARU
154460,Suhaia,tr,SUHAIA
154497,Storobaneasa,tr,STOROBANEASA
154521,Talpa,tr,TALPA
154585,Tatarastii De Jos,tr,TATARASTII DE JOS
154665,Tatarastii De Sus,tr,TATARASTII DE SUS
154709,Toporu,gr,TOPORU
154736,Traian,tr,TRAIAN
154754,Trivalea-Mosteni,tr,TRIVALEA-MOSTENI
154790,Troianul,tr,TROIANUL
154834,Tiganesti,tr,TIGANESTI
154852,Vedea,tr,VEDEA
154914,Viisoara,tr,VIISOARA
154932,Vartoape,tr,VARTOAPE
154978,Zambreasca,tr,ZAMBREASCA
154996,Nenciulesti,tr,NENCIULESTI
155083,Beciu,tr,BECIU
155092,Beuca,tr,BEUCA
155109,Dracea,tr,DRACEA
155118,Fantanele,tr,FANTANELE
155127,Frasinet,tr,FRASINET
155136,Purani,tr,PURANI
155145,Saelele,tr,SAELELE
155154,Uda-Clocociov,tr,UDA-CLOCOCIOV
155243,Municipiul Timisoara,tm,MUNICIPIUL TIMISOARA
155261,Dumbravita,tm,DUMBRAVITA
155289,Ghiroda,tm,GHIRODA
155314,Giroc,tm,GIROC
155350,Municipiul Lugoj,tm,MUNICIPIUL LUGOJ
155403,Oras Buzias,tm,ORAS BUZIAS
155458,Oras Deta,tm,ORAS DETA
155494,Oras Jimbolia,tm,ORAS JIMBOLIA
155528,Oras Sannicolau Mare,tm,ORAS SANNICOLAU MARE
155546,Balint,tm,BALINT
155591,Banloc,tm,BANLOC
155662,Bara,tm,BARA
155724,Beba Veche,tm,BEBA VECHE
155760,Becicherecu Mic,tm,BECICHERECU MIC
155797,Belint,tm,BELINT
155840,Bethausen,tm,BETHAUSEN
155911,Biled,tm,BILED
155957,Barna,tm,BARNA
156035,Bogda,tm,BOGDA
156106,Boldur,tm,BOLDUR
156151,Brestovat,tm,BRESTOVAT
156213,Carpinis,tm,CARPINIS
156259,Cenad,tm,CENAD
156277,Cenei,tm,CENEI
156311,Cheveresu Mare,tm,CHEVERESU MARE
156357,Oras Ciacova,tm,ORAS CIACOVA
156437,Comlosu Mare,tm,COMLOSU MARE
156473,Costeiu,tm,COSTEIU
156534,Criciova,tm,CRICIOVA
156589,Curtea,tm,CURTEA
156623,Darova,tm,DAROVA
156669,Denta,tm,DENTA
156712,Dudestii Vechi,tm,DUDESTII VECHI
156767,Dumbrava,tm,DUMBRAVA
156801,Oras Faget,tm,ORAS FAGET
156927,Fardea,tm,FARDEA
157004,Foeni,tm,FOENI
157031,Gavojdia,tm,GAVOJDIA
157086,Oras Gataia,tm,ORAS GATAIA
157193,Ghizela,tm,GHIZELA
157246,Giarmata,tm,GIARMATA
157273,Giera,tm,GIERA
157317,Giulvaz,tm,GIULVAZ
157362,Jamu Mare,tm,JAMU MARE
157424,Jebel,tm,JEBEL
157451,Lenauheim,tm,LENAUHEIM
157497,Liebling,tm,LIEBLING
157530,Lovrin,tm,LOVRIN
157585,Margina,tm,MARGINA
157683,Masloc,tm,MASLOC
157736,Manastiur,tm,MANASTIUR
157781,Moravita,tm,MORAVITA
157834,Mosnita Noua,tm,MOSNITA NOUA
157898,Nadrag,tm,NADRAG
157923,Nitchidorf,tm,NITCHIDORF
157969,Ohaba Lunga,tm,OHABA LUNGA
158010,Ortisoara,tm,ORTISOARA
158065,Peciu Nou,tm,PECIU NOU
158109,Periam,tm,PERIAM
158136,Pietroasa,tm,PIETROASA
158181,Pischia,tm,PISCHIA
158243,Racovita,tm,RACOVITA
158314,Oras Recas,tm,ORAS RECAS
158396,Remetea Mare,tm,REMETEA MARE
158449,Sacosu Turcesc,tm,SACOSU TURCESC
158528,Satchinez,tm,SATCHINEZ
158564,Sacalaz,tm,SACALAZ
158608,Secas,tm,SECAS
158653,Sanandrei,tm,SANANDREI
158699,Sanmihaiu Roman,tm,SANMIHAIU ROMAN
158733,Sanpetru Mare,tm,SANPETRU MARE
158779,Sag,tm,SAG
158804,Stiuca,tm,STIUCA
158859,Teremia Mare,tm,TEREMIA MARE
158895,Tomesti,tm,TOMESTI
158966,Topolovatu Mare,tm,TOPOLOVATU MARE
159035,Tormac,tm,TORMAC
159071,Traian Vuia,tm,TRAIAN VUIA
159142,Uivar,tm,UIVAR
159213,Varias,tm,VARIAS
159259,Victor Vlad Delamarina,tm,VICTOR VLAD DELAMARINA
159339,Voiteg,tm,VOITEG
159366,Birda,tm,BIRDA
159375,Checea,tm,CHECEA
159384,Dudestii Noi,tm,DUDESTII NOI
159393,Fibis,tm,FIBIS
159400,Ghilad,tm,GHILAD
159419,Gottlob,tm,GOTTLOB
159428,Iecea Mare,tm,IECEA MARE
159437,Parta,tm,PARTA
159446,Padureni,tm,PADURENI
159455,Saravale,tm,SARAVALE
159464,Sandra,tm,SANDRA
159473,Tomnatic,tm,TOMNATIC
159482,Valcani,tm,VALCANI
159491,Livezile,tm,LIVEZILE
159507,Pesac,tm,PESAC
159516,Bucovat,tm,BUCOVAT
159525,Otelec,tm,OTELEC
159614,Municipiul Tulcea,tl,MUNICIPIUL TULCEA
159650,Oras Babadag,tl,ORAS BABADAG
159687,Oras Isaccea,tl,ORAS ISACCEA
159730,Oras Macin,tl,ORAS MACIN
159767,Oras Sulina,tl,ORAS SULINA
159785,Baia,tl,BAIA
159847,Beidaud,tl,BEIDAUD
159883,C.a. Rosetti,tl,C.A. ROSETTI
159945,Carcaliu,tl,CARCALIU
159963,Casimcea,tl,CASIMCEA
160047,Ceatalchioi,tl,CEATALCHIOI
160092,Ceamurlia De Jos,tl,CEAMURLIA DE JOS
160127,Cerna,tl,CERNA
160172,Chilia Veche,tl,CHILIA VECHE
160225,Ciucurova,tl,CIUCUROVA
160261,Crisan,tl,CRISAN
160305,Daeni,tl,DAENI
160323,Dorobantu,tl,DOROBANTU
160387,Frecatei,tl,FRECATEI
160430,Greci,tl,GRECI
160458,Grindu,tl,GRINDU
160476,Hamcearca,tl,HAMCEARCA
160528,Horia,tl,HORIA
160564,Izvoarele,tl,IZVOARELE
160617,Jijila,tl,JIJILA
160644,Jurilovca,tl,JURILOVCA
160680,Luncavita,tl,LUNCAVITA
160724,Mahmudia,tl,MAHMUDIA
160779,Maliuc,tl,MALIUC
160831,Mihai Bravu,tl,MIHAI BRAVU
160877,Mihail Kogalniceanu,tl,MIHAIL KOGALNICEANU
160911,Murighiol,tl,MURIGHIOL
160993,Nalbant,tl,NALBANT
161035,Niculitel,tl,NICULITEL
161053,Nufaru,tl,NUFARU
161106,Ostrov,tl,OSTROV
161133,Pardina,tl,PARDINA
161151,Peceneaga,tl,PECENEAGA
161179,Sarichioi,tl,SARICHIOI
161231,Sfantu Gheorghe,tl,SFANTU GHEORGHE
161259,Slava Cercheza,tl,SLAVA CERCHEZA
161286,Smardan,tl,SMARDAN
161302,Somova,tl,SOMOVA
161348,Stejaru,tl,STEJARU
161384,Topolog,tl,TOPOLOG
161464,Turcoaia,tl,TURCOAIA
161482,Valea Nucarilor,tl,VALEA NUCARILOR
161525,I.c.bratianu,tl,I.C.BRATIANU
161543,Vacareni,tl,VACARENI
161552,Bestepe,tl,BESTEPE
161561,Valea Teilor,tl,VALEA TEILOR
161794,Municipiul Barlad,vs,MUNICIPIUL BARLAD
161829,Municipiul Husi,vs,MUNICIPIUL HUSI
161856,Oras Negresti,vs,ORAS NEGRESTI
161945,Municipiul Vaslui,vs,MUNICIPIUL VASLUI
162014,Albesti,vs,ALBESTI
162069,Alexandru Vlahuta,vs,ALEXANDRU VLAHUTA
162149,Arsura,vs,ARSURA
162194,Banca,vs,BANCA
162327,Bacani,vs,BACANI
162381,Bacesti,vs,BACESTI
162452,Balteni,vs,BALTENI
162498,Berezeni,vs,BEREZENI
162559,Blagesti,vs,BLAGESTI
162595,Bogdana,vs,BOGDANA
162693,Bogdanesti,vs,BOGDANESTI
162791,Bogdanita,vs,BOGDANITA
162871,Botesti,vs,BOTESTI
162924,Bunesti-Averesti,vs,BUNESTI-AVERESTI
163002,Codaesti,vs,CODAESTI
163057,Coroiesti,vs,COROIESTI
163137,Costesti,vs,COSTESTI
163208,Cretesti,vs,CRETESTI
163253,Danesti,vs,DANESTI
163324,Deleni,vs,DELENI
163379,Delesti,vs,DELESTI
163486,Dragomiresti,vs,DRAGOMIRESTI
163618,Dranceni,vs,DRANCENI
163681,Duda-Epureni,vs,DUDA-EPURENI
163734,Dumesti,vs,DUMESTI
163789,Epureni,vs,EPURENI
163832,Falciu,vs,FALCIU
163903,Gagesti,vs,GAGESTI
163967,Gherghesti,vs,GHERGHESTI
164062,Garceni,vs,GARCENI
164133,Grivita,vs,GRIVITA
164197,Hoceni,vs,HOCENI
164277,Dimitrie Cantemir,vs,DIMITRIE CANTEMIR
164339,Iana,vs,IANA
164393,Ivanesti,vs,IVANESTI
164543,Ivesti,vs,IVESTI
164598,Laza,vs,LAZA
164687,Lipovat,vs,LIPOVAT
164749,Lunca Banului,vs,LUNCA BANULUI
164829,Malusteni,vs,MALUSTENI
164892,Miclesti,vs,MICLESTI
164936,Muntenii De Jos,vs,MUNTENII DE JOS
164981,Oras Murgeni,vs,ORAS MURGENI
165069,Oltenesti,vs,OLTENESTI
165130,Osesti,vs,OSESTI
165185,Padureni,vs,PADURENI
165274,Perieni,vs,PERIENI
165336,Poienesti,vs,POIENESTI
165416,Pogana,vs,POGANA
165470,Puiesti,vs,PUIESTI
165611,Pungesti,vs,PUNGESTI
165719,Rebricea,vs,REBRICEA
165817,Rosiesti,vs,ROSIESTI
165899,Solesti,vs,SOLESTI
165979,Stanilesti,vs,STANILESTI
166057,Stefan Cel Mare,vs,STEFAN CEL MARE
166137,Suletea,vs,SULETEA
166182,Tanacu,vs,TANACU
166235,Tacuta,vs,TACUTA
166315,Tatarani,vs,TATARANI
166413,Todiresti,vs,TODIRESTI
166529,Tutova,vs,TUTOVA
166636,Valeni,vs,VALENI
166672,Vetrisoaia,vs,VETRISOAIA
166707,Viisoara,vs,VIISOARA
166770,Vinderei,vs,VINDEREI
166869,Voinesti,vs,VOINESTI
166985,Vulturesti,vs,VULTURESTI
167035,Vutcani,vs,VUTCANI
167071,Zapodeni,vs,ZAPODENI
167179,Zorleni,vs,ZORLENI
167222,Ibanesti,vs,IBANESTI
167231,Fruntiseni,vs,FRUNTISENI
167240,Rafaila,vs,RAFAILA
167259,Pogonesti,vs,POGONESTI
167268,Ciocani,vs,CIOCANI
167277,Cozmesti,vs,COZMESTI
167286,Dodesti,vs,DODESTI
167295,Feresti,vs,FERESTI
167302,Muntenii De Sus,vs,MUNTENII DE SUS
167311,Pochidia,vs,POCHIDIA
167320,Puscasi,vs,PUSCASI
167473,Municipiul Ramnicu Valcea,vl,MUNICIPIUL RAMNICU VALCEA
167641,Oras Baile Govora,vl,ORAS BAILE GOVORA
167696,Oras Baile Olanesti,vl,ORAS BAILE OLANESTI
167794,Oras Brezoi,vl,ORAS BREZOI
167909,Oras Calimanesti,vl,ORAS CALIMANESTI
167981,Municipiul Dragasani,vl,MUNICIPIUL DRAGASANI
168041,Oras Horezu,vl,ORAS HOREZU
168130,Oras Ocnele Mari,vl,ORAS OCNELE MARI
168229,Alunu,vl,ALUNU
168309,Amarasti,vl,AMARASTI
168372,Oras Babeni,vl,ORAS BABENI
168452,Oras Balcesti,vl,ORAS BALCESTI
168559,Barbatesti,vl,BARBATESTI
168602,Oras Berbesti,vl,ORAS BERBESTI
168675,Berislavesti,vl,BERISLAVESTI
168755,Boisoara,vl,BOISOARA
168791,Budesti,vl,BUDESTI
168880,Bujoreni,vl,BUJORENI
168960,Bunesti,vl,BUNESTI
169039,Cernisoara,vl,CERNISOARA
169119,Caineni,vl,CAINENI
169182,Copaceni,vl,COPACENI
169253,Costesti,vl,COSTESTI
169306,Creteni,vl,CRETENI
169351,Daesti,vl,DAESTI
169404,Danicei,vl,DANICEI
169547,Dragoesti,vl,DRAGOESTI
169583,Fauresti,vl,FAURESTI
169681,Fartatesti,vl,FARTATESTI
169896,Francesti,vl,FRANCESTI
169994,Galicea,vl,GALICEA
170097,Ghioroiu,vl,GHIOROIU
170168,Glavile,vl,GLAVILE
170220,Golesti,vl,GOLESTI
170346,Gradistea,vl,GRADISTEA
170444,Gusoeni,vl,GUSOENI
170514,Ionesti,vl,IONESTI
170612,Lalosu,vl,LALOSU
170685,Ladesti,vl,LADESTI
170792,Lapusata,vl,LAPUSATA
170872,Livezi,vl,LIVEZI
170952,Lungesti,vl,LUNGESTI
171021,Malaia,vl,MALAIA
171067,Mateesti,vl,MATEESTI
171101,Maciuca,vl,MACIUCA
171209,Madulari,vl,MADULARI
171272,Maldaresti,vl,MALDARESTI
171325,Mihaesti,vl,MIHAESTI
171469,Milcoiu,vl,MILCOIU
171539,Muereasca,vl,MUEREASCA
171628,Nicolae Balcescu,vl,NICOLAE BALCESCU
171806,Olanu,vl,OLANU
171879,Orlesti,vl,ORLESTI
171931,Otesani,vl,OTESANI
171995,Pausesti,vl,PAUSESTI
172082,Pausesti-Maglasi,vl,PAUSESTI-MAGLASI
172153,Perisani,vl,PERISANI
172279,Pesceana,vl,PESCEANA
172340,Pietrari,vl,PIETRARI
172377,Popesti,vl,POPESTI
172457,Prundeni,vl,PRUNDENI
172509,Racovita,vl,RACOVITA
172581,Roesti,vl,ROESTI
172698,Rosiile,vl,ROSIILE
172812,Runcu,vl,RUNCU
172894,Salatrucel,vl,SALATRUCEL
172947,Scundu,vl,SCUNDU
172992,Sinesti,vl,SINESTI
173061,Slatioara,vl,SLATIOARA
173132,Stanesti,vl,STANESTI
173230,Stoenesti,vl,STOENESTI
173374,Stoilesti,vl,STOILESTI
173533,Stroesti,vl,STROESTI
173597,Sutesti,vl,SUTESTI
173686,Sirineasa,vl,SIRINEASA
173748,Stefanesti,vl,STEFANESTI
173793,Susani,vl,SUSANI
173855,Tetoiu,vl,TETOIU
173935,Tomsani,vl,TOMSANI
174021,Vaideeni,vl,VAIDEENI
174085,Valea Mare,vl,VALEA MARE
174156,Vladesti,vl,VLADESTI
174218,Voicesti,vl,VOICESTI
174254,Voineasa,vl,VOINEASA
174290,Zatreni,vl,ZATRENI
174496,Titesti,vl,TITESTI
174502,Diculesti,vl,DICULESTI
174511,Lacusteni,vl,LACUSTENI
174520,Mitrofani,vl,MITROFANI
174744,Municipiul Focsani,vn,MUNICIPIUL FOCSANI
174780,Campineanca,vn,CAMPINEANCA
174824,Golesti,vn,GOLESTI
174860,Municipiul Adjud,vn,MUNICIPIUL ADJUD
174922,Oras Marasesti,vn,ORAS MARASESTI
175019,Oras Odobesti,vn,ORAS ODOBESTI
175055,Oras Panciu,vn,ORAS PANCIU
175126,Andreiasu De Jos,vn,ANDREIASU DE JOS
175206,Balesti,vn,BALESTI
175224,Barsesti,vn,BARSESTI
175260,Boghesti,vn,BOGHESTI
175368,Bolotesti,vn,BOLOTESTI
175439,Bordesti,vn,BORDESTI
175466,Brosteni,vn,BROSTENI
175509,Chiojdeni,vn,CHIOJDENI
175590,Ciorasti,vn,CIORASTI
175670,Campuri,vn,CAMPURI
175732,Carligele,vn,CARLIGELE
175787,Corbita,vn,CORBITA
175885,Cotesti,vn,COTESTI
175938,Dumbraveni,vn,DUMBRAVENI
175983,Dumitresti,vn,DUMITRESTI
176150,Fitionesti,vn,FITIONESTI
176212,Garoafa,vn,GAROAFA
176301,Gugesti,vn,GUGESTI
176338,Gura Calitei,vn,GURA CALITEI
176445,Homocea,vn,HOMOCEA
176506,Jaristea,vn,JARISTEA
176551,Jitia,vn,JITIA
176613,Maicanesti,vn,MAICANESTI
176686,Mera,vn,MERA
176748,Milcovul,vn,MILCOVUL
176793,Movilita,vn,MOVILITA
176855,Nanesti,vn,NANESTI
176891,Naruja,vn,NARUJA
176944,Nereju,vn,NEREJU
177003,Nistoresti,vn,NISTORESTI
177101,Paltin,vn,PALTIN
177236,Paunesti,vn,PAUNESTI
177263,Poiana Cristei,vn,POIANA CRISTEI
177352,Pufesti,vn,PUFESTI
177405,Racoasa,vn,RACOASA
177469,Reghiu,vn,REGHIU
177557,Ruginesti,vn,RUGINESTI
177600,Sihlea,vn,SIHLEA
177655,Slobozia Bradului,vn,SLOBOZIA BRADULUI
177726,Slobozia Ciorasti,vn,SLOBOZIA CIORASTI
177762,Soveja,vn,SOVEJA
177799,Straoane,vn,STRAOANE
177842,Suraia,vn,SURAIA
177879,Tanasoaia,vn,TANASOAIA
177986,Tataranu,vn,TATARANU
178046,Tamboesti,vn,TAMBOESTI
178117,Tulnici,vn,TULNICI
178180,Tifesti,vn,TIFESTI
178279,Urechesti,vn,URECHESTI
178313,Valea Sarii,vn,VALEA SARII
178377,Vidra,vn,VIDRA
178475,Vintileasca,vn,VINTILEASCA
178545,Vizantea-Livezi,vn,VIZANTEA-LIVEZI
178607,Vanatori,vn,VANATORI
178689,Vartescoiu,vn,VARTESCOIU
178750,Vrancioaia,vn,VRANCIOAIA
178821,Vulturu,vn,VULTURU
178885,Negrilesti,vn,NEGRILESTI
178894,Ploscuteni,vn,PLOSCUTENI
178901,Popesti,vn,POPESTI
178910,Paulesti,vn,PAULESTI
178929,Biliesti,vn,BILIESTI
178938,Gologanu,vn,GOLOGANU
178947,Obrejita,vn,OBREJITA
178956,Rastoaca,vn,RASTOACA
178965,Spulber,vn,SPULBER
179132,Municipiul Bucuresti,b,MUNICIPIUL BUCURESTI
179221,Oras Bragadiru,if,ORAS BRAGADIRU
179249,Chiajna,if,CHIAJNA
179285,Oras Chitila,if,ORAS CHITILA
179310,Dobroesti,if,DOBROESTI
179347,Glina,if,GLINA
179383,Jilava,if,JILAVA
179409,Oras Magurele,if,ORAS MAGURELE
179463,Mogosoaia,if,MOGOSOAIA
179481,Oras Otopeni,if,ORAS OTOPENI
179515,Oras Pantelimon,if,ORAS PANTELIMON
179533,Oras Popesti Leordeni,if,ORAS POPESTI LEORDENI
179551,Oras Voluntari,if,ORAS VOLUNTARI
179588,Copaceni,if,COPACENI
179604,Poienile Izei,mm,POIENILE IZEI
179613,Sieu,mm,SIEU
179622,Grosii Tiblesului,mm,GROSII TIBLESULUI
179631,Treznea,sj,TREZNEA
179640,Vulcana-Pandele,db,VULCANA-PANDELE
179659,Negrilesti,bn,NEGRILESTI
179677,Camin,sm,CAMIN
179686,Dumitrita,bn,DUMITRITA
179695,Simisna,sj,SIMISNA
179702,Traian,il,TRAIAN
179711,Vladeni,db,VLADENI
179720,Poiana Ilvei,bn,POIANA ILVEI
179739,Malu,gr,MALU
179748,Cosoba,gr,COSOBA
179757,Herasti,gr,HERASTI
179766,Isvoarele,gr,ISVOARELE
179775,Sabareni,gr,SABARENI
179784,Boranesti,il,BORANESTI
179793,Buesti,il,BUESTI
179800,Maia,il,MAIA
179819,Ograda,il,OGRADA
179828,Rosiori,il,ROSIORI
179837,Coas,mm,COAS
179846,Coltau,mm,COLTAU
179855,Gardani,mm,GARDANI
179864,Oncesti,mm,ONCESTI
179873,Agris,sm,AGRIS
179882,Ciumesti,sm,CIUMESTI
179891,Raciu,db,RACIU
179908,Pietrari,db,PIETRARI
179917,Rau Alb,db,RAU ALB
179926,Rascaeti,db,RASCAETI
179935,Persinari,db,PERSINARI
179944,Runcu Salvei,bn,RUNCU SALVEI
179953,Ciceu- Mihaiesti,bn,CICEU- MIHAIESTI
179962,Galbinasi,cl,GALBINASI
179971,Colelia,il,COLELIA
179980,Marculesti,il,MARCULESTI
179999,Moldoveni,il,MOLDOVENI
180000,Platonesti,il,PLATONESTI
180019,Sarateni,il,SARATENI
180028,Porumbesti,sm,PORUMBESTI
180037,Boghis,sj,BOGHIS
180046,Gura Ialomitei,il,GURA IALOMITEI
180055,Crivat,cl,CRIVAT
180064,Barbulesti,il,BARBULESTI
180091,Racsa,sm,RACSA
